Updated on:,14/09/2023,,,,,,,,,,,,,,,,,,,,,,,,,,,,,,,,Contact:,Food Statistics Branch - Tel 020 8026 3006  Email: familyfood@defra.gov.uk,,,,,,,,,,,,,,,,,,,,,,,,,,
Next update:,2024,,,,,,,,,,,,,,,,,,,,,,,,,,,,,,,,Source:,"Adjusted National Food Survey data 1974 to 2000, Expenditure and Food Survey 2001-02 to 2007 and Living Costs and Food Survey 2008 onwards",,,,,,,,,,,,,,,,,,,,,,,,,,
,,,,,,,,,,,,,,,,,,,,,,,,,,,,,,,,,Units:,pence per person per week,,,,,,,,,,,,,,,,,,,,,,,,,,
,,,,,,,,,,,,,,,,,,,,,,,,,,,,,,,,,,,,,,,,,,,,,,,,,,,,,,,,,,,,
UK household and eating out expenditure on food and drink,,,,,,,,,,,,,,,,,,,,,,,,,,,,,,,,,,,,,,,,,,,,,,,,,,,,,,,,,,,,
Average pence per person per week (a),,,,,,,,,,,,,,,,,,,,,,,,,,,,,,,,,,,,,,,,,,,,,,,,,,,,,,,,,,,,
UK,,,,,,,,,,,,,,,,,,,,,,,,,,,,,,,,,,,,,,,,,,,,,,,,,,,,,,,,,,,,
Code,Description,,,,Units,1974,1975,1976,1977,1978,1979,1980,1981,1982,1983,1984,1985,1986,1987,1988,1989,1990,1991,1992,1993,1994,1995,1996,1997,1998,1999,2000,2001-02,2002-03,2003-04,2004-05,2005-06,2006,2007,2008,2009,2010,2011,2012,2013,2014,2015,201516,201617,201718,201819,201920,202021,202122,RSE indicator(b),% change since 201819,sig(c),trend since 201819(d),,reliability of 3 year percent relative SE
,ALL PURCHASES OF FOOD AND DRINK,,,,,,,,,,,,,,,,,,,,,,,,,,,,,,,,,,,,,,,,,,,,,,,,,,,,,,,,,,,
,Food and drink,,,,,,,,,,,,,,,,,,,,,,,,,,,,,,,,3228,3290,3367,3438,3497,3582,3632,3683,3808,3923,3993,4137,4218,4197,4243,4225,4402,4531,4657,4801,3970,4111,üüü,-12,yes,m,,üüü
,Food and non-alcoholic drinks,,,,,,,,,,,,,,,,,,,,,,,,,,,,,,,,2613,2668,2741,2818,2870,2955,3010,3117,3212,3304,3371,3493,3592,3568,3593,3581,3726,3819,3942,4058,3424,3502,üüü,-11,yes,m,,üüü
,Alcoholic drinks,,,,,,,,,,,,,,,,,,,,,,,,,,,,,,,,615,621,625,620,627,628,621,566,596,619,622,644,626,629,650,643,676,712,715,743,546,609,üü,-15,yes,m,,üüü
,,,,,,,,,,,,,,,,,,,,,,,,,,,,,,,,,,,,,,,,,,,,,,,,,,,,,,,, ,,,,
,PURCHASES FOR CONSUMPTION OUTSIDE THE HOME,,,,,,,,,,,,,,,,,,,,,,,,,,,,,,,,,,,,,,,,,,,,,,,,,,,,,,, ,,,,
eo90001,Food and drink,,,,p,,,,,,,,,,,,,,,,,,,,,,,,,,,,1076,1099,1100,1133,1141,1154,1137,1120,1133,1166,1193,1209,1231,1240,1318,1298,1396,1392,1446,1526,332,894,üü,-38,yes,m,,üüü
eo90002,Food and non-alcoholic drinks,,,,p,,,,,,,,,,,,,,,,,,,,,,,,,,,,705,726,739,779,779,800,796,816,826,854,879,895,929,941,1000,982,1071,1065,1110,1175,268,680,üü,-39,yes,m,,üüü
eo90003,Alcoholic drinks,,,,p,,,,,,,,,,,,,,,,,,,,,,,,,,,,371,373,360,354,362,354,341,304,308,312,314,314,302,299,318,316,325,327,335,351,64,214,ü,-36,yes,m,,üüü
,,,,,,,,,,,,,,,,,,,,,,,,,,,,,,,,,,,,,,,,,,,,,,,,,,,,,,,, ,,,,
,PURCHASES FOR HOUSEHOLD SUPPLIES,,,,,,,,,,,,,,,,,,,,,,,,,,,,,,,,,,,,,,,,,,,,,,,,,,,,,,, ,,,,
cat108,Food and drink,,,,p,,,,,,,,,,,,,,,,,,,1688,1735,1729,1844,1938,1964,1992,1990,2083,2152,2191,2267,2305,2356,2428,2495,2562,2675,2757,2799,2929,2986,2957,2924,2926,3007,3139,3212,3275,3638,3217,üüü,+0,,k,,üüü
cat105,Food and non-alcoholic drinks,,,,p,,,,,,,,,,,,,,,,,,,1537,1577,1576,1664,1751,1770,1781,1782,1844,1908,1942,2002,2039,2091,2155,2214,2300,2386,2450,2492,2598,2662,2627,2593,2599,2656,2754,2832,2883,3156,2823,üüü,-0,,k,,üüü
380389,Alcoholic drinks,,,,p,,,,,,,,,,,,,,,,,,,151,158,152,180,187,193,211,208,239,244,249,265,266,265,273,281,262,289,307,308,330,324,330,332,328,351,385,380,392,482,395,üü,+4,,k,,üüü
cat106,"Food and drink, excluding soft drinks, alcoholic drinks and confectionery",,,,p,331,403,469,547,602,690,776,823,870,919,952,991,1069,1114,1173,1257,1331,1394,1433,1468,1469,1547,1625,1641,1653,1655,1696,1755,1792,1838,1873,1936,1995,2051,2133,2209,2265,2299,2400,2458,2422,2387,2393,2452,2532,2604,2640,2880,2571,üüü,-1,,,,üüü
,,,,,,,,,,,,,,,,,,,,,,,,,,,,,,,,,,,,,,,,,,,,,,,,,,,,,,,,,,,,
,DETAILS OF PURCHASES FOR HOUSEHOLD SUPPLIES,,,,,,,,,,,,,,,,,,,,,,,,,,,,,,,,,,,,,,,,,,,,,,,,,,,,,,,,,,,
Code,Food Category,Food Group,Major Food Code,Minor Food Code,Units,,,,,,,,,,,,,,,,,,,,,,,,,,,,,,,,,,,,,,,,,,,,,,,,,,,,,,,
cat520,Milk and milk products excluding cheese,,,,p,29,37,49,58,66,74,84,89,95,97,100,103,108,113,118,127,134,141,152,154,150,150,148,148,144,141,146,144,147,154,156,164,167,171,187,200,189,187,188,187,182,176,175,179,184,190,184,192,182,üüü,-4,,,,üüü
4006,,"Liquid wholemilk, including school and welfare",,,p,24,31,41,49,55,61,68,73,78,78,75,73,69,69,66,65,62,59,54,49,46,43,40,36,35,31,32,30,29,31,26,25,27,25,27,28,24,22,18,18,16,17,17,16,17,19,17,18,16,ü,-17,yes,m,,üü
4,,,"Liquid wholemilk, full price",,p,24,31,41,49,55,61,68,73,78,77,75,73,69,69,66,65,62,59,54,49,45,42,40,36,34,31,32,30,29,31,26,25,27,25,27,28,24,22,18,18,16,17,17,16,17,19,17,18,16,ü,-17,yes,m,,üü
402,,,,UHT milk,p,0,0,0,0,1,1,1,1,1,1,1,0,1,0,1,1,1,1,1,1,1,1,2,1,1,0,0,0,0,1,1,1,1,1,1,1,1,0,0,0,0,0,0,0,0,0,0,1,0,û,-59,,,,û
403,,,,Sterilised,p,1,2,2,2,3,3,3,4,4,4,4,6,5,4,4,4,3,3,3,2,2,2,2,2,2,1,2,1,1,0,0,0,0,0,0,0,0,0,0,0,0,0,0,0,0,0,0,0,0,û, ,,,,û
404,,,,Pasteurised/ homogenised,p,22,29,39,46,52,57,64,69,73,73,70,67,64,64,61,61,59,55,50,46,42,40,35,33,32,29,30,29,28,30,24,24,26,24,27,28,23,22,17,17,15,17,17,16,16,18,17,18,15,ü,-16,yes,,,üü
501,,,School milk,,p,0,0,0,0,0,0,0,0,0,0,0,0,0,0,0,0,0,0,0,0,0,0,0,0,0,0,0,,,,,,,,,,,,,,,,,,,,,,,,,,,,
601,,,Welfare milk,,p,0,0,0,0,0,0,0,0,0,0,0,0,0,0,0,0,0,0,0,0,0,0,0,0,0,0,0,,,,,,0,0,0,,,,,,,,,,,,,,,,,,,,
9017,,Other milk and cream,,,p,5,7,8,9,10,13,16,16,17,20,25,30,39,44,51,61,71,82,98,104,104,108,108,111,109,110,114,114,118,123,131,139,140,147,160,172,165,165,170,169,166,159,157,163,167,171,167,174,166,üüü,-3,,,,üüü
15,,,Skimmed milks,,p,0,0,0,0,0,1,1,1,2,3,7,9,16,19,24,30,37,42,54,57,57,59,56,59,57,56,56,54,55,55,60,65,63,68,76,81,78,75,76,73,72,61,61,63,61,64,62,61,57,üü,-11,yes,m,,üüü
1502,,,,Fully skimmed milk,p,0,0,0,0,0,0,0,0,1,1,3,4,7,7,8,9,10,11,11,12,11,11,7,8,8,8,7,7,8,8,8,9,9,10,10,11,11,11,10,10,9,8,8,8,8,10,9,9,8,ü,-19,yes,m,,üü
1503,,,,Semi-skimmed milk,p,0,0,0,0,0,0,1,1,1,2,4,6,10,12,16,21,27,32,42,45,46,48,49,51,49,48,48,46,47,48,52,56,54,58,66,69,66,64,66,63,63,53,53,54,53,54,53,52,49,üü,-9,yes,m,,üüü
901,,,Condensed or evaporated milk,,p,1,2,2,2,2,2,3,3,3,2,2,2,2,2,2,2,2,2,2,2,2,2,2,2,1,1,1,1,1,1,1,1,1,1,1,1,1,1,1,2,1,1,1,2,1,1,1,1,1,,-4,,,,ü
11,,,Infant milks,,p,0,1,1,0,1,1,1,1,1,1,1,1,1,1,2,2,2,2,2,2,3,3,3,3,2,2,3,4,4,4,4,4,5,6,6,8,6,8,8,10,7,11,11,8,10,10,9,5,4,û,-61,yes,m,, 
1102,,,,Infant or baby milks - ready to drink,p,0,0,0,0,0,0,0,0,0,0,0,0,0,0,0,0,0,0,0,0,0,0,0,0,0,0,0,0,0,1,1,1,1,1,1,1,1,1,1,2,1,2,2,1,2,1,1,1,1,û,+8,,,,û
1103,,,,Infant or baby milks - dried,p,0,0,1,0,1,1,1,1,1,1,1,1,1,1,2,2,2,2,2,2,2,3,3,3,2,2,3,4,3,3,4,4,4,5,5,7,5,7,6,8,6,9,8,7,8,9,8,4,3,û,-67,yes,m,, 
1201,,,Instant dried milk,,p,0,1,1,1,1,1,1,2,2,2,2,2,2,2,2,2,1,1,2,1,1,1,1,1,1,1,1,0,1,0,0,0,0,0,0,0,0,0,0,0,0,0,0,0,0,0,0,1,0,û,+58,,,,û
13,,,Yoghurt and fromage frais,,p,1,1,2,2,3,3,5,5,5,6,8,10,11,12,14,16,19,23,27,28,27,29,30,31,30,30,33,31,34,36,40,43,44,44,48,51,50,50,52,52,52,52,52,53,52,54,52,54,54,üü,+1,,,,üüü
1301,,,,Yoghurt,p,1,1,2,2,3,3,5,5,5,6,8,10,11,12,14,16,19,23,23,23,23,24,25,25,25,26,28,27,28,31,35,37,39,38,42,45,44,44,46,46,47,47,47,49,49,50,49,52,52,üü,+3,,,,üüü
1302,,,,Fromage frais,p,,,,,,,,,,,,,,,,,,,4,5,5,5,5,6,5,5,5,4,5,5,5,6,6,6,6,6,6,6,6,5,5,5,5,4,3,3,3,2,2,ü,-29,yes,m,,ü
16,,,Other milks and dairy desserts,,p,0,0,0,0,0,0,0,0,0,1,1,1,2,2,3,4,4,6,7,9,9,10,10,11,12,14,14,17,19,20,20,20,20,21,21,23,22,22,24,24,25,25,25,28,33,32,32,41,39,üü,+21,yes,k,,üüü
1603,,,,Dairy desserts - not frozen,p,0,0,0,0,0,0,0,0,0,0,1,1,1,2,2,3,3,4,5,6,7,7,8,8,10,10,10,12,13,14,14,13,13,14,14,16,16,16,16,15,15,15,15,16,17,15,16,16,16,üü,+6,,,,üü
1605,,,,Dried milk products,p,,,,,,,,,,,,,,,,,,,0,0,0,0,0,0,0,0,0,0,1,0,0,0,0,0,0,0,0,0,0,0,0,0,0,0,2,1,0,0,0,û,-92,,,,û
1607,,,,Milk drinks and other milks,p,0,0,0,0,0,0,0,0,0,0,0,0,0,0,1,1,1,1,1,3,2,2,2,2,2,3,3,5,5,6,4,4,4,4,4,5,4,4,5,5,5,5,5,5,6,8,7,9,8,ü,+11,,,,üü
1608,,,,Non-dairy milk substitutes,p,,,,,,,,,,,,,,,,,,,,,,,,,,,,,,,2,3,3,3,3,3,2,2,3,4,4,4,5,7,8,9,9,15,15,ü,+58,yes,k,,üü
17,,,Cream,,p,2,2,2,3,3,4,5,4,5,5,5,5,5,5,5,6,5,6,5,6,5,5,6,6,6,6,6,5,5,5,5,6,6,6,6,7,8,8,8,8,8,8,8,9,10,10,10,11,11,üü,+13,,k,,üü
22023,Cheese,,,,p,9,10,12,15,17,20,24,26,27,30,29,31,34,34,38,40,41,43,46,48,47,49,53,55,51,52,54,57,58,59,60,63,64,68,70,75,79,80,81,85,81,79,80,85,87,90,92,107,97,üüü,+7,yes,k,,üüü
22,,Natural cheese,,,p,8,9,11,14,15,19,22,24,25,27,27,29,31,31,35,36,38,39,41,43,42,44,47,49,46,47,48,50,51,51,53,57,57,61,63,69,72,74,74,78,73,72,72,78,80,83,85,99,88,üüü,+6,,k,,üüü
2201,,,Hard cheese - cheddar type,,p,5,6,8,10,11,13,15,17,18,18,18,19,20,20,23,24,25,25,26,27,27,28,29,31,30,29,31,30,30,31,30,34,35,37,40,43,44,45,45,48,44,42,42,43,45,45,45,52,47,üü,+4,,k,,üüü
2202,,,Hard cheese - other uk or foreign equivalent,,p,2,2,2,2,3,3,4,4,4,5,4,5,5,5,5,5,5,5,6,6,6,6,7,7,6,5,6,7,7,6,7,7,6,7,7,7,7,7,6,6,6,5,6,7,6,6,6,7,7,ü,+12,,,,üü
2203,,,Hard cheese - edam or other foreign,,p,0,1,1,1,1,1,1,1,1,2,2,2,2,2,3,3,3,3,4,4,4,4,5,4,4,5,4,5,6,5,6,6,5,6,6,7,7,7,8,9,8,8,9,10,10,11,12,13,13,ü,+17,,k,,üü
2205,,,Cottage cheese,,p,0,0,0,0,0,1,1,1,1,1,1,1,2,2,2,2,2,2,2,2,2,2,2,2,2,2,2,2,2,2,1,1,1,1,1,1,1,1,2,2,2,2,2,2,2,2,1,2,1,,-30,,,,ü
2206,,,Soft natural cheese,,p,0,0,0,1,1,1,1,1,1,2,2,2,2,2,3,3,3,3,3,3,3,3,4,5,4,5,5,6,6,8,8,9,9,10,10,10,13,13,14,14,14,14,14,17,18,19,20,25,20,üü,+8,,k,,üü
2301,,Processed cheese,,,p,1,1,1,1,1,1,2,2,2,2,2,3,3,3,3,4,4,4,5,4,5,5,6,6,5,5,6,7,7,8,7,7,7,7,7,6,6,7,7,7,7,7,7,7,7,7,7,8,9,ü,+20,yes,k,,üü
31041,Carcase meat,,,,p,44,52,59,70,80,92,105,102,109,108,104,110,113,110,114,122,116,118,108,111,105,101,104,105,100,98,106,103,106,111,114,114,120,121,122,127,130,129,136,136,141,135,136,127,133,127,129,160,120,üü,-6,,,,üü
31,,Beef and veal,,,p,24,30,32,39,45,50,55,53,58,57,55,59,61,63,64,67,58,61,56,57,56,53,45,50,48,49,54,56,57,60,64,63,68,67,68,71,73,72,77,81,84,82,82,82,83,82,80,101,76,üü,-7,,,,üü
3102,,,Beef joints - on the bone,,p,1,3,2,4,3,4,4,1,2,2,2,2,2,3,3,2,2,2,2,1,1,2,3,2,0,0,0,1,1,1,1,1,1,1,1,0,1,0,0,1,1,1,1,1,1,1,1,0,1,û,+32,,,,û
3103,,,Beef joints - boned,,p,9,11,12,14,16,16,19,18,21,20,18,20,20,20,20,20,18,16,15,14,16,15,8,9,11,11,13,14,15,15,15,14,17,14,14,14,13,14,15,14,15,15,15,14,14,13,11,18,13,ü,+1,,,,ü
3104,,,Beef steak - less expensive,,p,6,7,8,9,11,12,12,13,13,14,13,12,13,13,13,13,12,12,12,11,10,10,9,9,9,7,8,7,8,7,8,10,10,10,10,11,11,11,12,11,13,13,13,13,14,13,13,17,15,ü,+15,,k,,üü
3105,,,Beef steak - more expensive,,p,5,6,6,6,9,10,11,11,11,10,11,12,13,14,14,17,12,14,12,13,13,14,13,17,16,16,17,19,18,21,23,21,21,22,21,21,23,20,21,25,26,23,22,25,25,28,25,36,22,ü,-21,yes,,,ü
3106,,,Minced beef,,p,4,4,5,6,6,8,9,9,11,11,11,12,12,13,14,15,14,16,15,16,14,14,11,12,12,13,15,14,15,15,16,17,18,21,22,24,25,27,29,29,29,30,30,28,30,27,29,29,25,ü,-8,,,,üü
3107,,,All other beef and veal,,p,0,0,0,0,0,0,0,0,0,0,0,1,0,0,0,0,1,1,0,0,0,0,1,1,1,1,1,1,1,0,1,1,0,0,0,0,0,0,1,1,0,0,0,1,0,0,1,0,0,û,-41,,,,û
36,,Mutton and lamb,,,p,11,13,15,17,19,23,26,26,25,26,24,25,24,23,25,27,29,29,27,27,23,22,29,26,24,25,25,24,25,27,25,28,28,29,27,28,30,28,29,28,28,27,30,21,26,22,28,32,23,ü,+1,,,,ü
3601,,,Mutton,,p,0,0,0,0,0,0,0,0,0,0,0,0,0,0,0,0,0,0,0,0,0,0,1,0,0,0,0,0,0,0,1,1,0,0,0,0,0,0,1,0,1,0,1,0,0,1,1,0,1,û,-21,,,,û
3602,,,Lamb joints,,p,6,7,9,10,12,13,15,15,14,15,14,14,14,13,13,15,16,15,13,13,10,11,13,12,11,12,11,12,13,13,12,13,13,15,12,13,14,13,14,13,15,14,16,8,14,11,13,13,10,,-5,,,,ü
3603,,,Lamb chops,,p,4,5,5,6,6,8,9,9,9,9,9,9,9,9,10,11,11,12,12,11,10,9,10,9,9,9,10,9,9,11,10,12,12,11,12,10,11,11,9,10,9,9,9,9,8,7,8,13,9,,+19,,k,,ü
3604,,,All other lamb,,p,1,1,1,1,1,1,1,2,1,1,1,1,1,1,1,1,2,2,2,3,2,2,5,4,4,4,3,3,3,3,3,3,3,3,4,4,4,4,5,4,4,4,4,4,4,4,6,6,3,û,-12,,,,û
41,,Pork,,,p,9,10,11,14,17,19,24,23,26,24,25,26,28,25,26,28,29,28,25,27,26,25,31,29,27,24,26,24,24,24,24,23,24,25,27,28,28,29,30,28,30,26,25,24,24,23,20,27,21,ü,-9,,,,üü
4101,,,Pork joints,,p,4,4,5,6,7,7,10,9,11,10,9,9,11,9,9,10,9,8,6,9,8,8,7,8,7,7,8,7,7,7,7,6,7,9,9,9,9,9,9,8,11,8,8,8,7,7,6,9,7,,+10,,,,ü
4102,,,Pork chops,,p,4,4,5,5,7,8,9,10,11,11,11,12,12,11,12,12,13,13,12,11,10,10,12,11,9,9,9,8,8,7,7,7,6,6,7,7,6,5,6,5,4,4,4,3,4,3,3,3,2,,-34,yes,m,,ü
4103,,,Pork fillets and steaks,,p,1,1,1,1,1,1,2,2,2,2,2,2,3,3,3,3,4,4,4,4,5,4,5,5,5,6,6,7,8,7,6,6,7,7,8,7,8,9,9,8,9,8,8,7,8,8,7,8,7,ü,-14,,,,üü
4104,,,All other pork,,p,1,1,1,1,1,2,2,2,2,2,2,2,2,2,2,2,3,3,3,3,2,3,6,5,5,2,2,1,1,4,4,4,3,3,4,5,5,5,6,7,6,6,6,6,5,5,5,6,5,,-13,,,,ü
46095,Non-carcase meat and meat products,,,,p,56,65,76,91,101,117,130,142,152,160,167,172,182,194,203,224,244,244,260,284,285,301,321,329,332,327,338,355,364,382,380,381,385,393,406,423,441,449,471,484,482,456,458,485,492,503,510,532,476,üüü,-5,yes,,,üüü
46,,Liver,,,p,4,4,5,5,5,6,6,6,6,4,5,5,5,5,4,4,4,4,3,3,3,3,2,2,2,2,2,1,1,1,1,1,1,1,1,1,1,1,1,1,1,1,1,1,1,1,1,1,1,,+101,yes,k,, 
4603,,,Ox liver,,p,0,1,1,1,1,1,1,1,1,1,1,1,1,1,0,0,0,0,0,0,0,0,0,0,0,0,0,0,0,0,0,0,0,0,0,0,0,0,0,0,0,0,0,0,0,0,0,0,0,û,+62,,,,û
4604,,,Lambs liver,,p,2,3,3,3,3,4,3,3,3,3,3,3,3,3,3,3,3,2,2,2,1,2,1,1,1,1,1,1,1,1,1,0,0,0,1,1,1,0,0,1,0,0,0,0,0,0,0,0,0,û,+28,,,, 
4605,,,Pigs liver,,p,1,1,1,1,1,1,2,2,2,1,1,1,1,1,1,1,1,1,1,1,1,1,1,1,0,0,0,0,0,0,0,0,0,0,0,0,0,0,0,0,0,0,0,0,0,0,0,0,0,û,+289,,,,û
4607,,,All other liver,,p,0,0,0,0,0,0,0,0,0,0,0,0,0,0,0,0,0,0,0,0,0,0,0,0,0,0,0,0,0,0,0,0,0,0,0,0,0,0,0,0,0,0,0,1,0,0,0,0,1,û,+98,,,,û
51,,All offal other than liver,,,p,1,1,1,1,1,1,2,2,1,2,2,1,1,1,1,1,1,1,1,1,1,1,1,1,0,1,1,1,1,1,1,1,0,0,1,1,1,1,1,1,1,1,1,1,1,1,1,1,0,û,-42,,,,û
55,,"Bacon and ham, uncooked",,,p,13,15,18,20,22,24,26,27,28,29,28,29,29,29,30,32,33,32,31,31,30,32,37,36,35,32,35,37,36,37,37,35,36,36,40,42,43,43,44,43,42,38,37,38,35,36,34,40,31,üü,-15,yes,,,üüü
5502,,,"Bacon and ham joints, uncooked",,p,3,4,4,5,5,6,6,7,7,8,7,7,8,9,9,9,9,8,7,8,7,8,9,11,13,10,11,9,9,9,9,9,9,9,10,12,12,12,13,13,11,10,9,11,9,9,9,10,8,ü,-17,,,,ü
5505,,,"Bacon and ham rashers, uncooked",,p,10,12,14,15,17,18,19,20,21,21,21,22,21,21,21,23,24,24,24,23,22,24,28,25,22,22,24,28,27,28,28,26,27,27,30,31,32,30,31,31,30,28,28,27,26,27,25,30,23,üü,-14,yes,,,üüü
58,,"Bacon and ham, cooked",,,p,4,5,6,6,7,8,9,10,11,11,11,12,12,13,13,16,17,17,18,19,21,22,19,25,24,24,25,31,31,35,33,34,36,37,38,39,39,40,40,40,39,37,38,38,39,36,36,39,37,üü,+2,,,,üüü
59,,Cooked poultry not purchased in cans,,,p,1,1,1,1,1,2,2,2,3,3,3,3,4,5,7,5,7,7,8,9,10,13,15,20,21,21,20,23,24,25,26,26,27,26,25,27,28,28,30,32,30,31,31,32,34,32,37,34,29,ü,-12,,m,,üü
5903,,,"Chicken and turkey, cooked",,p,1,1,1,1,1,2,2,2,2,2,2,3,4,5,6,5,6,6,7,8,9,10,9,14,14,14,15,18,18,19,20,20,21,20,19,20,19,21,21,23,21,21,21,21,20,19,22,20,20,ü,+1,,,,üü
5904,,,Takeaway chicken,,p,0,0,0,0,0,0,0,0,0,0,0,0,0,1,1,1,1,1,1,1,1,3,5,6,7,7,5,5,5,5,6,6,6,6,6,6,8,8,9,9,9,10,11,11,14,13,15,14,9,,-31,yes,m,,ü
62,,"Corned beef, canned or sliced",,,p,2,3,3,4,5,5,5,6,6,7,6,7,7,7,6,7,7,6,6,6,6,5,4,4,4,3,3,3,3,4,4,4,5,4,5,6,6,5,5,5,5,6,6,6,5,5,5,5,5,ü,-2,,,,üü
66,,Other cooked meat,,,p,2,3,2,2,3,3,4,4,5,5,5,6,6,6,6,6,5,6,6,5,5,5,11,5,4,4,5,6,7,8,8,8,9,9,9,10,10,11,13,13,14,12,12,11,11,12,11,12,12,ü,+2,,,,üü
71,,Other canned meat and canned meat products,,,p,4,4,4,4,4,5,5,5,5,6,5,6,6,6,6,6,6,6,7,7,6,7,6,5,6,5,6,6,7,7,7,6,6,5,6,7,7,7,6,6,6,5,5,4,5,6,6,5,5,,-12,,,,ü
74,,"Chicken, uncooked - whole chicken or chicken pieces",,,p,7,9,11,13,15,18,19,21,22,23,26,25,29,31,32,34,39,39,39,41,40,41,50,51,48,48,53,51,51,58,57,62,62,64,70,73,75,81,86,89,89,82,81,84,83,89,91,95,86,üü,-4,,,,üüü
77,,"Other poultry, uncooked (including frozen)",,,p,1,1,1,2,2,3,4,4,3,5,5,5,5,6,6,6,6,5,6,7,7,7,12,10,10,9,8,12,12,11,13,11,10,11,11,11,10,10,13,13,12,9,9,13,11,10,10,11,8,,-17,,,,ü
7703,,,"Turkey, uncooked - whole turkey or turkey pieces",,p,1,1,1,2,1,2,3,4,3,4,5,4,4,5,5,5,5,4,5,7,7,7,10,9,9,8,7,11,10,10,11,9,9,10,9,9,8,7,11,11,10,7,7,10,8,8,8,8,6,,-27,,,,ü
7704,,,"Poultry other than chicken or turkey, uncooked",,p,0,0,0,0,0,0,0,0,0,0,1,0,0,0,0,0,1,1,1,1,1,1,2,2,1,1,1,1,2,1,2,2,1,2,2,2,2,2,2,2,2,2,2,3,2,1,2,3,2,,+41,,,, 
78,,"Other fresh, chilled and frozen meat",,,p,0,0,0,0,0,0,0,0,0,0,0,0,0,0,0,0,0,0,0,0,0,0,0,0,0,0,0,1,0,0,1,1,1,1,1,0,1,1,1,2,1,1,0,2,1,0,0,1,2,û,+506,yes,k,,û
79,,"Sausages, uncooked - pork",,,p,4,4,5,6,6,7,8,8,8,8,7,8,7,7,7,8,8,10,10,11,10,11,14,15,14,13,15,15,16,18,18,18,19,20,21,23,24,23,25,26,26,24,24,23,27,25,25,31,25,üü,+1,,,,üüü
80,,"Sausages, uncooked - beef and other sausages",,,p,3,3,4,4,6,6,6,7,7,8,8,8,8,7,7,8,8,5,6,5,5,5,4,4,3,4,4,3,2,2,2,2,2,2,1,1,2,2,2,2,2,2,2,2,3,2,2,3,2,,+18,,,,ü
83,,"Meat pies and sausage rolls, ready to eat",,,p,1,2,2,3,3,3,4,4,5,5,5,5,5,5,5,6,6,5,6,6,7,7,8,8,8,7,8,16,18,12,12,9,10,9,9,9,10,10,10,10,10,11,10,11,12,12,11,12,12,ü,+2,,,,üü
8302,,,"Meat pies, ready to eat",,p,1,2,2,2,2,3,3,3,3,4,4,4,4,4,4,4,4,4,4,5,5,5,6,6,6,5,5,13,15,9,8,5,6,5,5,5,6,5,5,6,6,6,6,7,6,6,5,7,7,ü,+8,,,,üü
8303,,,"Sausage rolls, ready to eat",,p,0,0,1,1,1,1,1,1,1,1,1,1,1,1,1,2,2,1,2,2,2,2,3,3,3,2,3,3,3,4,4,4,4,4,4,4,4,5,5,4,5,5,5,4,6,5,5,5,5,ü,-5,,,,üü
84,,"Meat pies, pasties and puddings, frozen or not frozen",,,p,2,3,3,2,3,3,4,4,4,5,5,6,7,7,8,8,9,9,9,9,10,9,9,9,10,10,10,11,10,16,15,19,18,19,19,20,21,21,22,21,21,20,20,22,23,21,23,23,23,ü,+9,,,,üü
85,,"Burgers, frozen or not frozen",,,p,1,1,2,3,4,4,5,5,7,6,7,7,7,7,7,8,9,10,10,11,11,11,9,9,9,9,9,8,7,8,8,7,8,8,8,9,10,10,9,10,11,11,11,10,11,13,12,13,13,ü,-3,,,,üü
89,,Ready meals and convenience meat products,,,p,2,3,4,6,7,8,10,11,13,14,15,17,19,22,24,29,32,35,39,45,48,45,47,53,56,57,65,65,71,70,69,67,65,67,68,73,78,80,86,92,91,91,93,95,105,117,111,121,114,üü,-3,,,,üüü
8901,,,"Complete meat-based ready meals, frozen or not frozen",,p,0,1,1,1,2,2,3,3,3,4,5,5,6,7,7,9,11,11,13,16,16,14,19,23,25,24,30,38,42,44,42,39,38,38,36,39,41,42,45,46,44,43,45,42,53,58,54,54,57,ü,-2,,,,üü
8902,,,"Other convenience meat products, frozen or not frozen",,p,2,2,3,4,5,6,7,8,9,10,11,12,14,15,17,19,21,24,26,29,31,32,28,30,30,33,35,27,29,26,27,27,27,29,32,34,37,38,40,47,47,48,48,54,52,59,56,67,57,üü,-3,,,,üüü
93,,Pate and delicatessen type sausage,,,p,1,1,1,1,2,3,4,4,4,5,5,5,6,6,7,7,7,7,8,8,8,9,9,9,8,8,10,7,7,8,8,7,7,8,10,9,11,12,12,13,13,13,12,12,12,14,14,15,16,ü,+12,,,,üü
9301,,,Pate,,p,,,,,,,,,,,,,,,,,,,3,3,3,3,3,3,3,3,3,2,2,2,2,2,2,2,2,2,2,2,2,3,2,2,2,2,2,2,2,3,2,,+34,,k,,ü
9302,,,Delicatessen type sausages,,p,1,1,1,1,2,3,4,4,4,5,5,5,6,6,7,7,7,7,5,5,6,6,6,6,5,6,6,5,5,6,6,5,5,6,8,7,9,9,9,10,10,11,10,10,10,12,12,12,13,ü,+9,,,,üü
94,,Meat pastes and spreads,,,p,1,1,1,2,1,1,2,2,2,2,2,2,2,2,2,2,2,2,2,2,2,2,1,2,1,2,1,1,1,1,1,1,1,1,1,1,1,1,1,0,0,0,1,0,1,0,0,0,1,û,+65,,,, 
95,,Takeaway meats,,,p,1,1,2,4,5,7,8,10,11,13,17,16,18,22,24,32,37,36,44,57,55,65,61,60,67,68,58,56,57,61,61,61,62,65,61,61,64,63,63,64,68,64,64,79,73,73,81,69,56,ü,-23,yes,m,,üü
9501,,,Takeaway meat pies and pasties,,p,0,0,0,0,1,1,1,1,1,1,1,1,1,1,2,2,2,2,2,3,3,4,3,3,3,4,2,2,2,2,2,2,2,2,2,2,2,2,2,2,1,1,1,2,2,2,1,1,1,û,-43,,m,, 
9502,,,Takeaway burger and bun,,p,0,0,0,0,1,1,1,1,1,1,2,2,2,2,2,3,4,4,5,6,6,6,6,6,7,7,6,6,5,6,6,6,5,6,5,6,6,6,7,6,7,8,8,10,9,10,13,14,11,,+6,,,,ü
9503,,,Takeaway kebabs,,p,0,0,0,0,0,1,1,1,1,1,2,2,2,2,2,3,4,4,4,6,6,7,6,6,7,7,6,6,6,7,7,7,6,7,8,7,7,8,8,9,11,10,10,9,13,10,10,9,7,,-33,yes,m,,ü
9504,,,Takeaway sausages and saveloys,,p,0,0,0,0,0,0,0,0,0,0,0,0,0,1,1,1,1,1,1,1,1,1,1,1,1,1,1,2,2,2,2,2,2,2,2,2,2,3,2,2,2,2,2,2,2,2,3,1,2,,+1,,,,ü
9505,,,Takeaway meat based meals,,p,1,1,1,3,3,4,5,7,8,9,12,11,13,15,17,23,27,26,31,41,40,46,44,43,48,48,42,41,41,45,44,44,47,49,43,44,47,44,43,45,46,43,43,56,48,48,53,43,35,ü,-27,yes,m,,üü
9506,,,Takeaway miscellaneous meats,,p,,,,,,,,,,,,,,,,,,,,,,1,1,1,1,1,1,0,0,0,0,0,0,0,0,0,0,0,0,0,0,0,0,0,0,0,0,1,0,û,-49,,,,û
100123,Fish,,,,p,14,16,18,21,24,28,32,35,36,41,41,45,51,54,59,64,68,68,70,74,73,75,78,77,79,83,81,93,93,94,99,104,111,116,115,117,117,120,124,129,129,135,132,129,137,150,146,169,144,üü,-4,,,,üüü
102,,"White fish, fresh, chilled or frozen",,,p,5,6,7,7,9,9,11,11,11,12,12,13,15,16,17,18,19,21,18,18,19,18,20,18,19,19,19,21,20,17,16,16,17,17,18,16,16,14,18,16,17,16,15,13,16,16,16,21,19,,+23,,,,ü
10201,,,"White fish, fresh or chilled",,p,4,4,4,5,6,7,7,7,7,8,8,8,10,10,11,11,11,12,10,11,11,10,10,9,10,10,10,12,11,11,12,12,13,13,13,11,13,11,13,13,13,12,12,11,13,13,14,17,15,ü,+15,,,,ü
10202,,,"White fish, frozen",,p,1,1,2,2,3,3,4,4,4,4,4,5,6,6,6,7,8,9,8,7,8,8,10,9,9,9,9,9,9,6,4,4,4,4,5,5,4,3,5,4,4,4,3,2,3,3,3,4,5,û,+60,,,, 
106,,"Herrings and other blue fish, fresh, chilled or frozen",,,p,0,0,0,0,0,0,0,0,0,1,1,1,1,1,1,1,1,2,2,2,1,2,2,2,3,3,2,4,3,4,4,4,4,5,4,4,3,3,4,3,3,4,4,4,4,4,3,3,3,,-29,,,,ü
10601,,,"Herrings and other blue fish, fresh or chilled",,p,0,0,0,0,0,0,0,0,0,1,1,1,1,1,1,1,1,2,2,2,1,2,2,2,3,2,2,3,3,4,3,4,4,5,3,3,3,3,3,3,3,3,3,3,3,3,3,2,2,,-34,,,, 
10602,,,"Herrings and other blue fish, frozen",,p,,,,,,,,,,,,,,,,,,,,,,,,,,1,0,1,0,0,0,0,0,0,0,0,0,0,0,0,0,0,0,0,0,1,1,1,1,û,+5,,,,û
107,,"Salmon, fresh, chilled or frozen",,,p,0,0,0,0,0,0,1,1,1,1,1,1,1,1,2,2,2,2,3,3,2,3,4,4,5,6,7,7,7,7,8,9,11,11,11,12,12,14,14,16,17,18,16,19,17,22,19,23,23,ü,+3,,,,üü
10701,,,"Salmon, fresh or chilled",,p,0,0,0,0,0,0,1,1,1,1,1,1,1,1,2,2,2,2,3,3,2,3,4,4,5,5,6,6,6,7,7,9,10,10,9,10,11,12,13,15,16,17,15,18,16,21,17,22,22,ü,+4,,,,üü
10702,,,"Salmon, frozen",,p,,,,,,,,,,,,,,,,,,,,,,,,,,1,1,1,1,0,0,1,1,1,2,2,1,1,1,1,1,1,1,1,2,1,2,2,1,û,-10,,,, 
10801,,"Blue fish, dried or salted or smoked",,,p,0,0,1,1,1,1,1,1,1,1,1,1,1,2,2,2,2,2,3,3,3,3,3,3,3,3,4,4,4,4,5,5,6,7,7,6,7,8,8,9,10,10,10,12,12,11,10,14,11,ü,-2,,,,üü
11401,,"White fish, dried, salted or smoked",,,p,1,1,1,1,1,1,2,2,2,2,2,2,2,2,2,2,2,3,3,2,3,2,4,3,3,4,3,3,3,3,3,3,3,3,4,3,3,3,3,3,3,3,3,4,2,4,3,3,2,,-40,yes,m,,ü
117,,Shellfish,,,p,0,0,1,1,1,1,1,1,2,2,2,3,3,3,4,4,4,5,5,5,5,6,6,5,5,5,6,8,9,9,10,10,12,14,12,13,13,12,11,12,13,14,14,12,13,14,14,16,13,ü,-8,,,,üü
11702,,,"Shellfish, fresh or chilled",,p,0,0,0,0,1,1,1,1,1,1,1,2,2,2,2,3,3,3,3,3,3,4,4,4,3,4,4,3,4,6,6,5,7,9,7,9,8,8,7,7,8,9,9,7,8,9,9,10,9,,-4,,,,ü
11703,,,"Shellfish, frozen",,p,0,0,0,0,0,0,0,0,1,1,1,1,1,1,1,1,1,2,2,2,2,2,2,2,2,2,2,5,5,3,4,5,5,5,5,5,6,4,4,4,5,5,5,5,5,6,5,5,5,,-14,,,,ü
118,,Takeaway fish,,,p,2,3,3,3,4,5,5,6,7,8,7,7,8,10,9,9,10,8,10,12,13,11,8,8,9,10,7,13,13,12,14,12,13,14,13,15,13,15,13,13,13,16,16,13,14,14,14,15,10,ü,-31,yes,m,,ü
119,,"Salmon, tinned",,,p,1,2,1,1,2,2,2,3,2,3,3,3,4,4,4,4,4,5,4,4,4,4,4,4,4,3,3,3,3,3,3,3,3,3,3,3,2,2,2,3,3,2,2,2,3,2,2,2,2,,+3,,,,ü
120,,Other tinned or bottled fish,,,p,1,1,2,2,2,2,2,3,3,3,3,4,4,5,5,6,7,6,7,6,6,6,7,7,7,8,8,9,9,9,10,10,10,10,11,12,11,13,14,14,14,13,13,13,14,15,17,16,14,ü,-10,,,,üü
121,,Ready meals and other fish products - frozen or not frozen,,,p,2,2,3,4,4,5,6,6,8,8,9,9,10,10,11,12,13,12,13,16,15,11,10,11,12,11,12,16,17,21,23,25,27,28,29,28,31,33,33,35,32,35,34,34,37,41,43,48,41,üü,-1,,,,üüü
123,,Takeaway fish meals and fish products,,,p,0,0,0,0,0,0,1,1,1,1,1,1,1,1,2,2,2,2,2,3,3,9,11,11,12,11,10,5,5,4,4,6,5,5,4,5,4,4,5,4,5,5,5,4,6,6,4,9,6,,+2,,,, 
12304,,,Takeaway fish products,,p,0,0,0,0,0,0,0,0,0,0,0,0,0,0,0,0,0,0,0,1,1,1,1,1,1,1,1,1,1,1,1,1,1,1,1,1,1,1,1,0,1,1,1,1,1,1,1,1,1,û,+31,,,,û
12305,,,Takeaway fish based meals,,p,0,0,0,0,0,0,0,0,1,1,1,1,1,1,1,2,2,1,2,2,2,8,10,10,11,10,9,4,4,4,4,5,4,4,4,4,4,4,4,4,4,5,4,3,5,6,3,8,5,,-3,,,, 
12901,Eggs,,,,p,11,11,13,14,14,16,18,19,19,18,19,19,19,19,18,16,18,18,17,16,16,16,17,16,16,16,16,17,17,18,18,19,19,23,26,27,28,28,30,31,30,28,28,29,30,32,32,34,31,üü,-3,,,,üüü
135148,Fats,,,,p,15,18,21,26,28,31,33,33,34,34,36,37,37,34,35,37,37,37,38,38,37,37,41,38,37,36,37,36,37,36,37,38,40,41,49,47,50,53,55,55,52,52,52,46,57,59,58,65,55,üü,-7,,,,üüü
13501,,Butter,,,p,7,9,12,13,15,17,17,16,15,16,14,14,12,11,11,11,10,10,9,10,9,10,11,11,11,10,11,12,11,10,11,12,12,14,16,15,16,19,20,20,20,20,20,16,20,21,20,24,19,üü,-7,,,,üü
138,,Margarine,,,p,3,4,5,7,7,8,9,10,10,10,12,12,11,11,11,10,11,11,11,10,5,5,4,3,3,2,3,2,2,1,1,3,3,3,5,5,5,5,6,6,4,4,4,8,12,13,13,13,12,ü,-7,,,,üü
13801,,,Soft margarine,,p,2,2,3,4,5,6,7,7,7,7,9,9,9,9,10,10,10,11,10,9,5,5,3,2,3,2,2,1,1,1,1,3,3,3,4,5,5,5,5,5,4,4,4,7,11,12,12,13,12,ü,-6,,,,üü
13802,,,Other margarine,,p,2,2,2,3,2,2,2,3,3,3,3,3,2,2,1,1,0,1,0,0,0,0,1,1,0,0,0,0,0,0,1,0,0,0,0,0,0,1,1,1,0,0,0,1,1,1,0,1,1,,-22,,,, 
139,,"Lard, cooking fat",,,p,2,3,2,3,3,3,3,3,3,3,3,4,3,2,2,2,2,2,1,1,1,1,1,1,1,1,1,0,0,0,0,0,0,0,1,0,0,0,0,0,0,0,0,0,0,0,0,0,0,,-29,,,, 
143,,Vegetable and salad oils,,,p,1,1,1,1,2,2,2,2,2,2,3,3,3,3,3,4,4,4,5,5,5,6,7,7,6,6,7,7,8,7,8,8,10,9,12,11,11,12,13,14,12,15,15,11,13,13,14,16,13,ü,-2,,,,üü
14304,,,Olive oil,,p,0,0,0,0,0,0,0,0,0,0,1,1,1,1,1,1,1,1,1,1,1,1,1,1,1,1,1,3,4,4,4,5,6,5,6,6,6,6,5,7,6,6,6,5,7,7,7,9,7,ü,-4,,,,ü
14305,,,Other vegetable and salad oils,,p,1,1,1,1,1,1,2,2,2,2,2,2,3,2,3,3,3,3,4,4,4,5,6,6,5,5,6,4,4,4,4,4,4,4,6,6,6,6,7,7,6,9,9,6,6,6,7,7,6,ü,+1,,,,üü
148,,All other fats,,,p,1,1,1,1,1,1,2,2,3,3,3,5,7,6,8,10,10,10,12,12,16,16,17,17,15,16,15,16,16,16,17,14,14,14,16,15,16,17,16,14,15,13,13,11,12,11,11,12,10,ü,-10,,,,üü
14802,,,Reduced fat spreads,,p,0,0,0,0,0,0,1,1,1,1,0,0,2,2,3,4,4,4,5,5,9,9,10,11,9,10,10,11,10,11,8,8,9,8,10,9,10,9,9,8,8,7,7,6,6,6,6,7,5,ü,-3,,,,üü
14803,,,Low fat spreads,,p,0,0,0,0,0,1,1,1,1,1,2,2,3,3,3,4,4,4,4,5,4,5,5,4,4,4,4,3,3,3,6,4,4,4,3,4,4,5,4,4,4,3,3,3,3,2,2,2,2,,-17,,,,ü
14805,,,Suet and dripping,,p,0,0,0,0,0,0,0,0,0,0,0,0,0,0,0,0,0,0,0,0,0,0,0,0,0,0,0,0,0,0,0,0,0,0,0,0,1,1,1,1,1,1,1,1,1,1,1,0,1,û,-13,,,, 
14807,,,Imitatation cream,,p,0,0,0,0,0,0,0,0,1,1,1,2,1,1,1,1,1,1,2,2,2,2,2,2,2,2,1,2,2,2,2,2,2,2,2,2,2,2,2,2,2,2,2,2,2,3,2,3,2,,-19,,,,ü
150154,Sugar and preserves,,,,p,9,16,15,16,16,18,20,21,21,23,22,21,21,21,21,21,21,23,21,22,20,20,23,21,19,17,16,15,16,16,17,17,17,17,19,20,21,21,23,23,21,19,19,20,21,18,19,25,21,üü,+13,,k,,üü
150,,Sugar,,,p,6,12,11,11,12,13,14,16,16,16,16,14,14,14,14,14,14,14,13,13,12,12,14,12,10,9,8,7,8,8,8,8,8,8,8,9,9,10,11,11,9,7,7,7,7,6,6,9,6,ü,-6,,,,üü
151,,Jams and fruit curds,,,p,1,2,2,2,2,2,2,2,3,3,3,3,3,3,3,3,3,4,4,4,4,4,4,4,4,3,4,4,4,3,4,4,4,4,4,4,4,4,4,4,5,4,4,4,4,4,4,6,5,ü,+26,yes,k,,ü
152,,Marmalade,,,p,1,1,1,1,1,1,2,2,2,2,2,2,2,2,2,2,2,3,3,3,3,3,3,3,3,3,2,2,2,2,2,2,2,2,2,2,2,2,2,2,2,2,2,2,2,2,2,2,1,,-17,,,,ü
153,,"Syrup, treacle",,,p,0,0,0,0,0,0,0,0,0,1,0,0,0,0,0,0,1,1,0,0,0,0,1,1,0,1,1,1,1,1,1,1,1,1,1,1,1,1,1,2,2,2,1,2,2,1,2,3,3,,+92,yes,k,,ü
154,,Honey,,,p,0,0,1,1,1,1,1,1,1,1,1,1,1,1,1,1,1,1,1,1,1,2,2,2,2,1,1,2,2,2,3,3,3,3,3,3,5,4,4,5,4,4,5,5,6,4,5,6,5,ü,+12,,,,ü
,"Fresh and processed fruit and vegetables, including potatoes",,,,p,62,80,97,103,105,124,139,151,162,181,190,195,221,240,255,272,300,323,326,328,337,370,384,386,406,417,411,421,428,442,451,483,504,519,521,529,554,558,582,605,592,590,595,620,638,656,654,743,643,û,-2,,,,üüü
cat730,"Fresh and processed vegetables, including potatoes",,,,p,41,54,69,69,68,83,91,100,109,120,128,129,145,159,167,178,195,206,213,217,225,253,259,252,266,274,265,271,269,279,284,294,303,317,320,329,343,343,358,375,361,355,358,363,376,387,393,442,378,üüü,-2,,,,üüü
cat701,Fresh and processed potatoes,,,,p,14,22,32,27,24,31,33,38,46,48,53,47,54,63,61,67,74,75,82,85,92,110,110,100,111,113,105,104,99,102,102,101,103,108,109,111,113,116,121,129,123,123,123,120,127,127,128,135,120,üüü,-6,yes,,,üüü
155155,,Fresh potatoes,,,p,8,14,22,17,12,17,15,17,21,22,25,18,22,24,23,25,28,28,25,24,29,39,32,26,35,34,33,36,31,32,34,34,35,37,38,36,36,35,37,42,37,34,34,33,34,31,28,31,23,üü,-27,yes,m,,üüü
15505,,,Fresh new potatoes,,p,3,4,9,8,4,6,6,6,9,7,12,7,8,10,10,9,13,11,12,9,10,16,15,10,12,16,12,15,12,13,9,9,9,9,9,9,9,8,8,9,8,8,7,7,7,8,6,7,5,ü,-36,yes,m,,üü
15506,,,Fresh baking potatoes,,p,3,5,6,5,5,6,5,6,8,6,8,6,7,7,6,7,8,9,7,8,9,11,10,7,11,10,10,10,8,9,5,5,6,6,6,5,5,6,6,7,6,6,6,6,6,6,5,5,4,ü,-37,yes,m,,üü
15504,,,Other fresh potatoes,,p,2,5,6,3,3,5,4,6,5,9,5,5,7,8,6,9,8,8,7,7,10,12,7,9,12,9,11,11,10,11,20,20,21,22,24,23,22,21,24,27,23,21,21,20,20,17,17,18,14,üü,-19,yes,m,,üüü
cat710,,Processed potatoes,,,p,6,8,11,10,12,15,17,21,24,26,27,30,33,38,39,41,46,47,57,61,63,72,79,74,76,79,72,68,68,70,68,67,68,70,71,74,76,81,84,87,86,88,89,88,93,96,100,105,97,üüü,+1,,,,üüü
197,,,Chips and takeaway chips,,p,3,4,6,5,6,8,9,11,12,13,12,13,15,19,18,19,21,19,24,28,30,34,34,32,34,35,29,29,29,29,28,28,28,30,30,31,31,33,33,34,34,36,36,36,38,37,41,40,32,üü,-16,yes,m,,üüü
19702,,,,Chips - frozen or not frozen,p,1,2,3,2,2,3,4,5,6,6,6,7,7,9,9,10,11,11,13,14,15,18,18,16,18,19,17,10,10,10,9,9,11,11,12,13,13,14,14,15,15,15,14,15,15,16,16,18,16,üü,+5,,,,üüü
19703,,,,Takeaway chips,p,2,3,4,3,4,5,5,6,6,7,6,7,8,9,9,9,10,8,11,14,15,16,15,15,16,16,12,19,19,18,19,18,18,19,18,18,18,19,19,19,19,21,22,22,23,22,25,21,15,ü,-31,yes,m,,üü
198,,,Instant potato,,p,0,0,1,1,0,0,0,0,0,0,0,0,0,0,0,0,0,1,1,0,0,1,0,0,1,0,1,1,1,1,1,1,1,0,0,0,0,0,0,0,0,0,0,0,0,0,0,0,0,û,-45,,,,û
199,,,Canned potatoes,,p,0,0,0,0,0,0,0,0,0,0,0,0,0,0,1,1,1,1,1,1,1,1,1,1,1,0,0,0,0,0,0,0,0,0,0,0,0,0,0,0,0,0,0,0,0,0,0,0,0,û,-47,yes,m,, 
200,,,Crisps and potato snacks,,p,2,3,3,4,4,5,6,8,9,11,12,13,14,16,17,18,20,23,27,28,27,30,37,35,34,35,34,30,29,31,30,30,30,31,32,34,36,38,40,42,41,40,41,40,42,46,46,51,52,üü,+13,yes,k,,üüü
201,,,"Other potato products, frozen or not frozen",,p,0,0,1,1,1,1,1,1,2,2,2,2,2,3,3,3,4,4,4,5,5,6,7,6,7,8,7,8,9,9,9,9,8,9,9,8,8,10,10,11,11,11,11,11,12,12,13,13,13,üü,+8,,,,üü
cat811,"Fresh and processed fruit and vegetables, excluding potatoes",,,,p,48,58,65,76,81,93,107,113,116,133,137,147,167,177,194,206,226,248,243,243,245,260,274,286,295,304,306,317,330,340,349,382,401,411,411,419,441,442,460,476,469,468,472,500,511,529,526,608,524,üüü,-1,,,,üüü
cat720,"Fresh and processed vegetables, excluding potatoes",,,,p,27,33,37,42,43,52,58,62,64,72,75,82,91,97,106,112,121,131,130,132,133,142,149,152,155,162,160,167,170,177,182,194,200,209,210,218,230,227,236,245,237,233,235,243,249,260,264,307,259,üüü,-1,,,,üüü
162171,,Fresh green vegetables,,,p,6,6,7,8,8,10,11,12,12,14,14,15,17,17,20,21,23,25,24,25,25,27,28,31,33,34,36,40,40,43,43,45,46,49,45,46,49,48,51,51,49,48,48,48,48,49,50,57,49,üüü,-1,,,,üüü
16201,,,Fresh cabbages,,p,2,2,2,2,2,3,3,3,3,4,4,4,4,4,4,4,5,5,4,4,4,4,4,4,4,4,4,4,4,4,4,5,5,5,5,5,5,5,5,5,5,5,5,5,5,5,5,6,5,ü,+0,,,,üü
16301,,,Fresh brussels sprouts,,p,1,1,1,1,1,2,1,2,1,2,2,2,2,2,2,2,2,2,2,2,2,1,2,2,2,2,1,2,2,2,2,2,2,2,2,2,2,2,2,2,2,2,2,2,2,1,2,2,2,ü,+24,,,,ü
16401,,,Fresh cauliflower,,p,1,1,1,2,2,2,3,3,3,3,4,3,4,3,4,4,5,7,7,8,8,9,8,9,9,8,8,9,9,9,9,11,10,11,10,11,10,11,11,11,10,8,8,9,9,10,10,11,10,üü,+1,,,,üüü
167,,,Leafy salads fresh,,p,1,2,2,2,2,3,3,3,3,4,4,4,5,6,6,7,7,8,8,8,8,9,10,11,12,13,14,17,17,19,19,19,20,20,18,19,22,21,22,22,21,20,20,19,18,20,18,20,19,üü,-6,,,,üüü
16701,,,,Lettuce and leafy salads,p,1,2,2,2,2,3,3,3,3,4,4,4,5,6,6,7,7,8,8,8,8,9,10,11,12,13,14,17,7,8,8,8,9,9,8,8,9,8,8,8,7,7,7,7,7,8,7,8,7,üü,-13,yes,,,üü
16702,,,,Prepared lettuce salads,p,,,,,,,,,,,,,,,,,,,,,,,,,,,,,10,11,11,11,11,12,10,11,13,13,14,14,13,13,13,12,11,12,11,12,12,üü,-2,,,,üü
168,,,Fresh peas,,p,0,0,0,0,0,0,0,0,0,0,0,0,0,0,0,0,1,1,1,1,1,1,1,1,2,2,2,2,2,2,2,2,2,2,2,2,2,2,2,2,2,2,2,2,2,2,2,2,2,ü,-18,,,,ü
169,,,Fresh beans,,p,0,0,0,0,0,0,1,0,0,1,1,1,1,1,1,1,1,1,1,2,2,2,2,3,4,4,4,4,5,5,5,6,5,6,5,5,6,6,6,6,6,6,6,6,6,5,6,6,5,ü,-0,,,,üü
171,,,Other fresh green vegetables,,p,0,0,0,0,0,0,0,0,0,0,1,1,1,1,2,2,2,1,0,0,0,1,1,1,1,2,2,1,1,1,2,2,2,2,2,2,2,3,3,4,4,5,5,6,6,6,7,9,6,ü,+8,,,,üü
172183,,Other fresh vegetables,,,p,10,12,14,15,17,19,23,25,24,28,30,32,36,39,43,44,48,51,51,51,52,58,59,60,62,65,67,75,77,80,85,91,96,100,102,105,113,110,113,118,114,111,111,113,114,118,120,141,115,üüü,-3,,,,üüü
172,,,Fresh carrots,,p,1,1,2,2,2,2,2,3,3,3,4,4,4,5,5,5,6,7,6,6,6,6,6,6,7,6,6,7,6,6,7,8,8,9,9,9,9,9,10,10,9,8,8,8,7,8,8,8,6,üü,-19,yes,m,,üüü
173,,,Fresh turnips and swede,,p,0,0,1,1,1,1,1,1,1,1,1,1,1,1,1,1,1,2,2,2,1,2,2,2,2,2,2,2,2,2,2,2,2,2,2,2,2,1,1,2,1,1,2,1,1,1,1,1,1,,-15,,,,ü
174,,,Other fresh root vegetables,,p,0,0,0,1,1,1,1,1,1,1,1,1,1,1,1,2,2,2,2,2,2,2,3,3,3,3,3,4,4,4,5,6,6,6,7,7,7,6,7,8,8,8,8,10,9,8,8,9,8,ü,-1,,,,üü
175,,,"Fresh onions, leeks and shallots",,p,1,2,2,2,2,3,3,3,3,4,4,4,5,5,6,6,7,7,7,7,8,9,8,9,9,9,9,11,11,11,11,12,12,13,14,14,15,16,15,15,14,14,14,13,13,14,15,18,14,üü,+2,,,,üüü
176,,,Fresh cucumbers,,p,1,1,1,1,1,2,2,2,2,2,3,3,3,4,4,4,5,4,4,4,4,5,4,4,4,4,5,5,5,5,6,5,6,6,6,7,7,7,7,7,6,6,6,6,6,7,8,8,7,üü,+2,,,,üü
177,,,Fresh mushrooms,,p,1,1,1,2,2,2,3,3,3,4,4,5,6,6,7,7,7,9,9,9,9,10,10,10,10,10,10,10,10,10,10,9,9,10,10,11,12,11,11,11,12,11,11,11,11,12,12,14,12,üü,-3,,,,üüü
178,,,Fresh tomatoes,,p,4,5,6,6,7,7,9,9,9,10,10,10,11,11,12,12,13,13,12,12,12,12,13,12,14,15,16,17,18,19,19,20,21,22,21,22,25,23,24,25,23,23,23,23,24,24,24,29,24,üü,+2,,,,üüü
183,,,Miscellaneous fresh vegtables,,p,1,1,1,1,1,2,2,3,2,3,3,4,5,5,6,7,7,9,9,10,10,12,13,14,14,16,16,21,22,23,26,30,31,33,33,33,37,36,39,40,40,39,40,41,41,45,43,54,43,üü,-4,,,,üüü
18301,,,,"Fresh vegetable stewpack, stirfry pack etc.",p,0,0,0,0,0,0,0,0,0,1,1,1,1,1,1,1,1,1,2,2,2,2,2,2,2,3,3,4,4,4,6,6,6,7,8,7,8,7,8,8,9,8,9,8,7,8,7,9,7,ü,-14,,,,üü
18302,,,,Fresh stem vegetables,p,0,0,0,0,0,0,1,1,1,1,1,1,1,1,1,1,2,2,2,2,2,3,3,3,3,4,4,5,5,5,5,6,7,7,6,7,8,7,8,8,8,8,8,8,9,10,9,12,9,ü,-3,,,,üü
18303,,,,"Fresh marrow, courgettes, aubergine, pumpkin and other vegetables",p,0,0,0,0,1,1,1,1,1,1,2,2,2,3,3,3,4,4,4,5,5,6,6,7,7,8,8,10,10,11,12,14,14,15,15,15,17,17,18,19,18,17,17,19,19,20,21,25,21,üü,+1,,,,üüü
18304,,,,Fresh herbs,p,0,0,0,0,0,0,0,0,0,0,0,1,1,1,1,1,1,1,1,1,1,2,2,2,2,2,2,3,3,3,3,3,3,4,4,4,5,5,5,5,5,6,6,6,6,7,6,7,6,ü,-8,,,,üü
cat702,,Processed vegetables excluding processed potatoes,,,p,11,14,16,19,18,22,24,26,28,30,31,35,38,40,43,46,50,54,56,56,56,57,62,61,59,62,58,52,53,54,55,57,59,60,64,67,69,69,72,76,74,75,76,82,87,93,94,109,95,üü,+3,,,,üüü
184,,,"Tomatoes, canned or bottled",,p,1,1,1,1,1,2,2,2,2,2,2,3,2,3,3,3,4,4,4,3,3,3,3,3,3,3,3,3,3,4,4,4,3,4,5,6,6,6,6,7,6,6,6,7,7,8,7,8,6,ü,-20,,,,üü
185,,,"Peas, canned",,p,2,2,3,3,3,3,3,3,4,4,4,4,4,3,4,4,4,4,4,3,3,3,3,3,3,2,3,2,2,2,2,2,2,2,2,2,2,2,2,2,2,2,2,2,1,1,1,2,1,ü,-14,,,,üü
188,,,Beans canned,,p,3,3,4,4,4,5,5,6,6,7,7,8,8,9,9,9,9,9,9,8,8,8,9,9,9,8,9,7,8,7,8,9,9,9,11,12,12,12,12,12,12,12,12,11,12,13,13,14,13,üü,+5,,,,üüü
18802,,,,Baked beans in sauce,p,3,3,3,4,4,4,5,5,6,6,6,7,7,8,8,8,8,8,8,7,7,7,7,7,8,7,7,6,6,6,6,7,8,8,9,10,10,10,10,10,9,9,9,8,9,9,9,10,9,üü,-2,,,,üü
18803,,,,Other canned beans and pulses,p,0,0,0,0,0,1,1,1,1,1,1,1,1,1,1,1,1,1,1,1,1,1,1,1,1,1,1,1,1,1,1,2,2,2,1,2,2,2,2,2,2,2,2,3,3,3,4,4,4,ü,+26,yes,k,,üü
191,,,Other canned vegetables,,p,1,1,2,2,2,2,2,3,3,3,3,3,3,3,4,4,4,4,5,4,4,4,4,4,4,4,4,3,3,3,3,3,3,3,3,4,4,3,4,4,3,4,4,4,4,4,4,5,4,ü,-4,,,,üü
192,,,Dried pulses other than air-dried,,p,0,1,1,1,1,1,1,1,1,1,1,1,1,1,1,1,1,1,1,1,1,1,1,1,1,1,1,1,1,1,1,1,1,1,2,1,1,2,2,2,1,2,2,2,3,2,2,2,3,û,+42,,,, 
195,,,Air-dried vegetables,,p,0,0,0,0,0,0,0,0,0,0,0,0,0,0,0,0,0,0,0,0,0,0,1,0,0,0,0,0,0,1,0,0,0,0,0,0,0,0,0,0,0,0,0,0,0,0,0,1,1,û,+54,,,, 
196,,,Vegetable juices and purees,,p,0,0,0,0,0,0,0,0,0,1,0,1,1,1,1,1,1,1,1,1,1,1,1,1,1,1,1,1,1,1,1,1,1,1,1,1,2,2,2,2,2,2,2,2,2,2,2,2,2,,+2,,,,ü
19602,,,,Tomato puree and vegetable purees,p,0,0,0,0,0,0,0,0,0,0,0,0,0,1,1,1,1,1,1,1,1,1,1,1,1,1,1,1,1,1,1,1,1,1,1,1,1,1,1,1,1,1,1,1,2,1,2,2,1,ü,+3,,,,ü
19603,,,,"Vegetable juices eg tomato juice, carrot juice",p,0,0,0,0,0,0,0,0,0,0,0,0,0,0,0,0,0,0,0,0,0,0,0,0,0,0,0,0,0,0,0,1,1,1,1,0,0,1,1,0,1,1,1,0,0,0,1,1,0,û,-2,,,,û
203,,,"Peas, frozen",,p,2,2,2,3,3,4,4,4,5,4,5,5,5,5,6,5,6,6,5,5,5,5,6,6,5,5,5,4,4,4,4,4,4,4,5,5,5,5,5,5,5,5,5,5,5,5,5,5,4,ü,-24,yes,m,,üü
204,,,"Beans, frozen",,p,1,1,1,1,1,1,1,2,2,1,2,2,2,2,2,2,1,2,2,1,1,2,1,1,1,1,1,1,1,1,1,0,0,1,1,0,0,0,1,1,0,0,0,0,0,0,0,1,0,û,-37,,,, 
206,,,Ready meals and other vegetable products (inc takeaways),,p,1,1,1,1,1,1,2,2,2,3,4,4,6,7,9,10,12,13,17,19,21,21,23,23,23,26,22,25,25,25,27,29,29,29,29,30,32,31,33,35,37,37,38,43,47,51,54,62,55,üü,+9,,k,,üüü
20601,,,,"Ready meals and other vegetable products, frozen or not frozen",p,0,1,1,1,1,1,1,1,2,3,3,3,5,6,7,8,10,11,13,15,16,15,16,16,16,18,17,17,19,18,19,21,21,21,21,21,24,23,25,27,27,28,28,31,35,39,41,48,44,üü,+11,,k,,üüü
20604,,,,All vegetable takeaway products,p,0,0,0,0,0,0,0,0,0,1,1,1,1,2,2,2,3,3,3,4,4,6,7,7,7,9,6,7,6,7,8,8,8,8,8,9,8,8,8,9,10,9,10,12,12,11,12,14,11,,-0,,,,ü
208,,,Other frozen vegetables,,p,1,1,2,2,2,3,3,3,4,3,4,5,5,6,6,7,8,10,10,9,9,10,10,10,10,10,9,5,5,6,5,5,5,5,5,5,5,5,6,6,6,5,5,6,6,6,6,7,5,ü,-9,,,,üü
cat810,Fresh and processed fruit,,,,p,21,25,28,34,37,41,48,51,52,61,62,66,76,81,88,94,105,117,113,111,112,118,125,134,140,143,146,150,159,163,167,188,201,202,201,200,211,215,224,230,232,235,237,257,262,269,261,302,265,üüü,-1,,,,üüü
210231,,Fresh fruit,,,p,12,15,16,20,22,24,29,30,32,37,37,40,47,49,54,58,67,72,71,69,74,78,82,89,93,95,97,102,111,115,119,131,136,138,139,138,146,146,152,155,160,166,167,182,186,190,185,208,181,üüü,-4,,,,üüü
210,,,Fresh oranges,,p,2,3,3,3,3,4,4,4,4,5,5,5,6,6,7,6,7,7,6,5,6,6,6,6,6,5,6,6,6,7,6,7,6,7,6,6,7,7,7,7,7,7,7,7,8,7,7,9,8,ü,+4,,,,üü
214,,,Other fresh citrus fruits,,p,1,1,1,2,2,2,3,3,3,4,3,4,5,5,5,6,6,6,7,7,7,8,8,9,9,9,10,10,12,12,12,12,13,13,14,14,14,15,15,16,16,16,16,17,18,19,19,20,17,üü,-8,,,,üüü
217,,,Fresh apples,,p,4,6,6,8,8,8,9,10,11,12,12,12,14,14,15,16,19,21,20,16,18,19,19,20,20,19,20,19,21,22,21,21,22,23,22,23,23,22,24,25,24,23,23,25,23,24,24,28,25,üü,+1,,,,üüü
218,,,Fresh pears,,p,1,1,1,1,1,1,1,2,1,2,2,2,2,2,3,3,4,4,4,4,4,4,5,5,5,5,5,5,5,6,6,6,7,6,6,6,7,7,6,7,6,6,6,6,7,6,6,7,5,ü,-13,,,,üü
221,,,Fresh stone fruit,,p,1,1,1,1,1,2,2,2,2,3,3,3,4,5,4,5,5,6,5,6,7,7,7,8,8,11,11,12,14,15,15,17,18,16,16,15,16,17,18,18,19,23,23,25,26,26,25,28,23,üü,-10,,,,üü
222,,,Fresh grapes,,p,0,0,0,1,1,1,1,2,1,2,2,2,3,3,4,4,5,6,6,7,7,8,8,9,10,11,10,12,13,14,14,17,17,17,18,18,19,20,19,20,21,20,21,21,21,20,20,23,20,üü,+1,,,,üüü
227,,,Other fresh soft fruit,,p,0,1,0,1,1,1,2,2,1,2,2,2,2,2,3,3,3,3,3,3,4,5,5,5,6,7,7,8,10,12,15,17,19,22,21,24,25,25,28,26,30,35,37,43,45,47,45,54,47,üü,+1,,,,üüü
228,,,Fresh bananas,,p,2,3,3,4,4,4,5,5,6,6,7,8,9,9,11,12,14,15,15,15,16,16,18,20,22,22,21,22,21,19,19,21,21,21,21,20,21,20,20,21,20,20,20,20,22,22,22,21,19,üü,-14,yes,m,,üüü
229,,,Fresh melons,,p,0,0,0,0,0,0,0,1,0,1,1,1,1,1,1,1,2,2,2,2,2,3,3,3,3,3,4,4,4,4,4,4,5,4,4,4,5,4,5,4,5,5,5,6,6,7,7,7,6,ü,-8,,,,üü
231,,,Other fresh fruit,,p,0,0,0,0,0,0,1,1,1,1,1,1,1,1,1,2,2,2,2,2,2,3,3,3,3,4,4,4,5,4,6,7,8,8,10,8,10,9,10,11,11,10,10,11,10,11,11,11,10,ü,-10,,,,üü
233248,,Processed fruit and fruit products,,,p,9,11,12,14,15,17,20,20,21,24,24,26,29,32,34,36,38,44,42,42,38,40,43,45,46,47,49,48,49,48,48,58,65,64,62,62,65,69,72,76,72,69,70,75,76,79,76,93,84,üü,+6,,k,,üüü
233,,,"Tinned peaches, pears and pineapples",,p,2,3,3,3,4,4,4,3,4,4,4,4,4,4,4,4,4,4,4,3,3,3,3,3,3,2,3,2,2,2,2,2,2,2,2,2,2,2,2,2,2,2,2,2,2,2,2,3,2,,-25,,,,ü
236,,,All other tinned or bottled fruit,,p,3,3,3,4,4,4,4,3,4,4,4,4,4,4,4,4,4,4,5,4,4,4,5,5,4,5,4,4,4,4,4,4,4,4,4,4,4,4,4,4,4,4,4,5,5,5,4,5,5,ü,+1,,,,üü
240,,,Dried fruit,,p,2,2,2,3,3,4,4,4,3,4,4,4,5,5,4,4,5,5,5,5,5,5,5,6,5,5,5,5,6,5,6,7,7,7,7,8,8,9,9,9,9,8,8,9,8,9,9,11,9,ü,+3,,,,üü
241,,,"Frozen strawberries, apple slices, peach halves, oranges and other frozen fruits",,p,0,0,0,0,0,0,0,0,0,0,0,0,0,0,0,0,0,1,1,1,1,1,1,1,1,1,1,0,0,0,0,0,1,1,1,1,1,1,1,1,1,2,2,2,3,4,3,5,4,,+20,,,,ü
245,,,"Nuts, edible seeds and peanut butter",,p,1,1,1,2,2,2,3,3,3,4,4,4,4,6,5,5,6,7,7,8,8,7,8,8,8,7,8,9,10,11,13,14,15,14,14,16,17,17,19,23,24,24,25,30,30,30,30,37,32,ü,+5,,,,üü
24502,,,,Nuts and edible seeds,p,1,1,1,2,2,2,3,2,3,3,3,3,4,5,4,4,5,6,6,7,7,6,7,7,7,6,7,9,9,10,12,14,14,14,13,15,15,15,18,21,22,22,22,27,27,27,27,33,28,ü,+2,,,,üü
24503,,,,Peanut butter,p,0,0,0,0,0,0,0,0,0,0,0,1,1,1,1,1,1,1,1,1,1,1,1,1,1,1,1,1,1,1,1,1,1,1,1,1,2,1,2,2,2,2,2,3,3,3,3,4,4,ü,+29,,k,,ü
248,,,Pure fruit juices,,p,1,1,2,2,3,4,5,7,7,8,9,11,12,13,17,18,19,24,20,20,18,20,22,24,27,27,28,27,27,25,23,30,36,36,35,32,33,37,37,37,32,29,28,28,29,29,28,33,32,üü,+10,,k,,üüü
251263,Bread,,,,p,21,25,27,32,37,41,48,51,53,54,56,59,65,67,71,73,74,74,76,76,75,76,79,79,80,80,81,86,88,90,93,97,102,108,117,118,116,119,123,127,117,113,111,112,119,118,126,118,113,üüü,-4,,m,,üüü
cat850,,White bread,,,p,16,18,19,22,26,27,29,31,32,31,30,30,28,28,30,30,31,29,31,30,29,29,32,31,31,30,32,32,32,33,31,31,30,33,38,39,36,35,36,35,30,29,29,25,27,26,27,24,23,üü,-12,yes,m,,üüü
251,,,"White bread, standard, unsliced",,p,5,6,6,9,9,10,10,11,10,10,9,8,10,10,10,12,11,7,7,7,8,7,6,6,5,5,6,5,5,4,7,5,5,4,5,4,4,4,4,4,4,4,4,3,3,3,3,2,2,ü,-17,,,,ü
252,,,"White bread, standard, sliced",,p,11,12,13,14,16,17,19,21,21,21,21,22,19,19,19,19,20,22,20,19,18,19,17,14,13,14,14,24,25,28,23,25,25,28,33,34,31,30,32,30,26,24,24,22,23,22,23,20,19,üü,-14,yes,m,,üüü
257,,,"White bread, premium, sliced and unsliced",,p,,,,,,,,,,,,,,,,,,,3,3,2,2,7,10,11,10,11,3,2,1,1,1,0,0,0,0,0,0,0,0,0,0,0,0,0,0,0,0,1,û,+953,yes,k,,û
258,,,"White bread, soft grain, sliced and unsliced",,p,,,,,,,,,,,,,,,,,,,2,2,1,1,1,1,1,1,1,0,0,0,0,0,0,0,0,0,0,0,0,0,0,1,0,0,1,1,1,1,1,,+6,,,,ü
cat851,,Brown and wholemeal bread,,,p,2,3,3,4,5,7,9,10,10,11,13,15,20,18,19,19,19,20,19,18,17,16,16,15,14,15,14,12,13,13,16,19,21,22,24,24,23,25,23,23,22,19,19,20,19,19,19,18,17,üü,-13,yes,m,,üüü
259,,,"Brown bread, sliced and unsliced",,p,2,2,3,3,4,5,7,6,6,6,7,8,8,8,9,9,9,10,9,9,8,8,7,7,7,7,6,3,4,4,4,4,4,5,6,6,6,6,6,5,4,4,4,4,4,4,4,4,4,ü,-0,,,,üü
260,,,"Wholemeal and granary bread, sliced and unsliced",,p,0,1,1,1,1,2,3,3,4,5,6,7,11,10,10,10,10,10,10,10,9,8,9,8,7,8,9,9,9,9,12,15,17,17,18,19,17,19,17,18,18,15,15,16,15,15,15,14,13,üü,-16,yes,m,,üüü
263,,Total other bread,,,p,3,4,5,6,6,7,9,10,11,12,13,14,17,20,22,24,25,25,25,27,28,31,31,32,35,35,34,41,43,43,45,47,51,53,55,54,58,59,64,69,65,65,64,66,72,73,81,76,73,üü,+0,,,,üüü
26302,,,"Rolls - white, brown or wholemeal",,p,2,3,1,1,4,5,6,7,8,8,9,10,10,11,12,12,13,14,13,12,13,14,13,12,12,12,12,13,13,13,14,13,14,15,15,16,16,15,15,16,16,16,15,13,14,14,14,12,13,üü,-11,,m,,üüü
26303,,,Malt bread and fruit loaves,,p,0,0,0,0,0,0,1,1,1,1,1,1,1,1,1,1,1,1,1,1,1,1,1,1,1,1,2,2,2,2,2,2,2,2,2,2,2,2,2,2,2,2,2,3,3,3,3,3,2,ü,-7,,,,ü
26304,,,Vienna and french bread,,p,0,0,2,3,0,1,1,1,1,1,1,1,1,1,2,2,2,2,3,3,3,4,4,5,5,5,5,5,5,4,4,5,5,5,5,5,6,6,6,6,6,6,6,6,6,6,8,7,6,ü,+6,,,,üü
26305,,,Starch reduced bread and rolls,,p,0,0,0,0,0,0,0,0,0,0,0,0,0,0,0,1,1,1,1,1,1,1,1,1,1,1,1,1,1,1,1,1,1,1,2,2,1,2,1,1,1,1,1,1,1,1,1,0,1,,+8,,,,ü
26308,,,Other breads,,p,0,0,0,0,1,1,1,1,1,1,1,2,3,4,4,5,5,5,4,5,5,6,7,8,9,9,9,10,11,11,12,13,14,15,16,15,16,19,22,24,21,21,20,22,25,25,27,32,28,üü,+12,yes,k,,üüü
26309,,,Sandwiches,,p,0,0,0,0,0,0,0,0,0,0,0,1,1,1,2,2,2,2,2,3,3,3,3,4,5,5,4,6,6,6,7,7,7,8,8,8,9,9,9,11,10,11,12,12,14,13,15,11,15,ü,+11,,,,üü
26310,,,Sandwiches from takeaway,,p,0,0,0,0,0,0,0,0,0,0,0,0,0,1,1,1,1,1,1,1,1,1,1,2,2,2,2,3,2,3,3,3,3,3,4,3,4,3,4,4,5,4,4,4,5,7,8,7,6,,-23,,,,ü
26311,,,Takeaway breads,,p,,,,,,,,,,,,,,,,,,,,,,,,,,,,3,3,3,3,3,3,3,3,3,4,3,4,4,4,4,4,5,4,5,5,5,3,,-27,yes,,,ü
26401,,Flour,,,p,2,2,3,4,4,4,4,4,4,4,4,3,4,4,4,4,4,4,4,4,3,2,3,2,2,2,3,2,3,2,3,3,3,3,4,4,4,6,5,5,4,5,5,5,6,4,4,8,5,,+31,,k,,ü
267270,,"Cakes, buns and pastries",,,p,12,14,14,16,18,21,23,25,27,28,29,31,33,35,37,39,42,44,45,47,50,51,56,59,57,57,59,54,57,57,60,61,60,60,63,64,63,64,70,69,70,72,70,73,77,78,82,83,94,ü,+20,yes,k,,üü
267,,,"Buns, scones and teacakes",,p,11,12,12,14,15,18,20,22,23,24,25,26,27,30,31,32,35,35,36,39,41,43,45,48,47,47,48,46,47,47,49,50,49,49,51,51,50,51,56,53,54,55,17,16,18,17,20,20,73,ü,+325,yes,k,,ü
270,,,Cakes and pastries,,p,11,12,12,14,15,18,20,22,23,24,25,26,27,30,31,32,35,35,36,39,41,43,45,48,47,47,48,45,46,46,48,49,48,48,50,50,48,50,54,52,52,53,53,56,59,61,62,63,70,,+14,,,,üü
27001,,,,"Cakes and pastries, not frozen",p,,,,,,,,,,,,,,,,,,,,,,,,,,,,1,1,1,1,1,1,1,1,1,1,1,1,1,1,2,51,55,58,58,59,60,3,,-94,yes,m,,üüü
27002,,,,Takeaway pastries,p,2,2,2,3,3,3,3,4,4,4,4,5,5,5,6,7,7,8,9,9,9,8,11,11,10,10,11,8,9,10,12,11,11,11,12,13,13,13,14,16,16,17,2,2,2,3,3,3,21,üü,+559,yes,k,,üü
271277,,Biscuits and crispbreads,,,p,12,15,16,19,21,24,27,28,30,31,31,32,34,36,38,40,42,44,46,46,45,46,53,51,50,49,52,49,54,51,54,54,56,56,64,66,67,71,74,76,76,75,76,77,77,77,84,84,84,üüü,+9,yes,k,,üüü
27101,,,Crispbread,,p,4,4,5,5,7,8,9,10,11,12,12,13,13,15,16,17,17,18,19,20,20,20,24,23,23,22,23,22,24,21,20,20,20,19,22,24,24,25,25,25,26,25,4,4,4,4,4,4,32,üü,+615,yes,k,,üü
274,,,Biscuits other than chocolate,,p,7,10,11,13,13,15,17,17,18,17,18,18,20,20,20,21,23,24,25,24,23,23,27,26,25,24,26,25,28,28,31,31,33,35,39,39,40,42,46,46,46,45,45,44,44,44,49,46,49,üü,+11,yes,,,üüü
27402,,,,Sweet biscuits (not chocolate) and cereal bars,p,6,8,9,10,11,12,14,14,15,14,15,15,16,16,17,17,19,20,20,20,19,19,22,22,21,20,22,21,24,23,26,27,28,30,35,34,35,37,40,40,39,38,38,37,37,36,40,37,40,üü,+11,yes,,,üüü
27403,,,,Cream crackers and other unsweetened biscuits,p,1,2,2,3,2,3,3,3,3,3,3,3,4,4,4,4,4,4,4,4,4,4,5,4,4,4,4,5,4,5,5,5,5,5,5,5,5,6,6,6,6,7,7,7,8,8,9,9,9,ü,+7,,,,üü
277,,,Chocolate biscuits,,p,1,1,1,1,1,1,1,2,1,1,1,1,1,1,1,2,2,2,2,2,2,2,2,2,2,2,3,2,2,2,2,3,3,3,3,3,3,4,4,5,4,4,27,29,29,29,31,34,4,ü,-88,yes,m,,üüü
281301,,Other cereals and cereal products,,,p,11,13,15,18,21,25,30,34,36,38,42,46,53,58,64,72,80,92,100,97,98,118,125,130,130,136,142,166,165,167,166,173,178,182,191,201,211,214,225,229,231,237,240,243,248,259,270,274,247,üüü,-4,,,,üüü
281,,,Oatmeal and oat products,,p,0,0,0,1,1,1,1,1,1,1,1,2,2,2,3,2,2,3,2,1,1,1,1,2,1,2,2,2,2,2,2,3,3,3,4,4,4,4,5,5,5,5,4,5,5,5,5,5,5,ü,+6,,,,üü
282,,,Breakfast cereals,,p,4,5,5,6,7,8,10,11,12,13,15,16,18,20,21,23,25,28,30,30,32,32,34,34,34,34,35,35,36,37,37,39,39,39,40,43,43,44,44,47,46,43,42,40,41,41,45,44,42,üü,+2,,,,üüü
28202,,,,Muesli,p,0,0,1,1,1,1,1,1,1,1,2,2,2,2,2,2,3,3,3,3,3,3,2,3,2,3,4,4,4,4,4,5,4,5,4,5,5,6,5,6,6,7,7,6,7,7,8,8,7,ü,+4,,,,üü
28203,,,,High fibre breakfast cereals,p,1,2,2,2,3,3,4,4,4,5,6,6,7,8,8,9,10,11,11,11,12,12,13,13,14,12,12,14,14,15,15,16,16,16,16,17,17,17,16,17,17,16,16,15,15,14,16,15,15,ü,+4,,,,üü
28204,,,,Sweetened breakfast cereals,p,1,1,1,2,2,2,2,3,3,3,4,4,5,5,5,6,6,7,8,7,9,9,9,9,9,12,12,11,11,11,11,10,10,10,11,13,11,12,11,12,13,12,11,12,12,12,13,12,12,ü,-6,,,,üü
28205,,,,Other breakfast cereals,p,1,1,1,2,2,2,3,3,3,4,4,4,5,5,6,6,7,8,8,8,8,8,10,8,9,7,7,7,7,8,7,8,9,8,9,9,9,11,11,12,10,8,8,7,7,7,8,9,8,ü,+8,,,,üü
285,,,Canned milk puddings,,p,1,1,2,2,1,2,2,2,2,2,2,2,2,2,2,3,3,3,3,3,4,4,4,4,4,4,4,3,3,3,3,4,4,4,4,4,4,4,4,4,4,4,4,4,5,4,4,5,5,ü,+22,,,,üü
28502,,,,Canned or fresh carton custard,p,1,1,1,1,1,1,1,1,1,1,1,1,1,1,1,1,1,2,2,2,2,2,2,2,2,2,2,2,2,2,2,2,2,2,3,3,3,3,3,3,3,3,3,3,3,2,3,3,3,ü,+25,,k,,üü
28503,,,,All canned milk puddings,p,1,1,1,1,1,1,1,1,1,1,1,1,1,1,1,1,1,2,2,2,2,2,2,2,2,2,2,1,2,1,1,1,1,1,2,2,2,2,1,1,1,1,1,1,2,1,2,1,1,,+17,,,,ü
286,,,Puddings,,p,1,1,1,1,1,1,1,1,1,1,1,1,2,2,2,2,2,3,2,2,2,3,3,3,3,3,3,4,4,4,5,5,4,5,5,6,6,6,5,5,5,5,5,5,6,5,5,5,6,ü,+20,,,,ü
287,,,Rice,,p,1,1,1,1,1,1,2,2,2,2,2,2,3,4,3,4,4,5,6,6,6,12,16,16,15,16,15,22,22,22,23,23,24,25,27,29,28,28,30,31,32,32,32,31,29,32,34,28,23,ü,-27,yes,m,,üü
28702,,,,Dried rice,p,0,0,0,1,1,1,1,1,1,1,1,1,1,2,2,2,2,3,3,3,3,7,9,9,7,8,8,7,8,8,8,8,9,8,11,11,10,11,11,11,11,12,12,8,10,11,11,11,8,ü,-30,yes,m,,ü
28703,,,,Cooked rice,p,0,0,0,0,0,0,0,0,0,0,0,0,0,0,0,0,0,0,0,0,0,1,1,1,1,1,1,2,1,2,2,2,2,3,4,5,5,5,6,6,7,7,7,9,8,7,9,8,8,ü,+1,,,,üü
28704,,,,Takeaway rice,p,0,0,0,0,0,1,1,1,1,1,1,1,1,2,1,2,2,2,3,2,2,5,6,7,7,7,6,13,12,13,13,13,13,13,12,13,13,12,14,14,14,13,14,14,12,13,14,9,8,ü,-40,yes,m,,üü
290,,,"Invalid foods, slimming foods and sports foods",,p,0,0,0,0,0,0,0,0,0,0,0,0,0,0,0,0,0,0,1,0,0,0,0,0,0,0,0,1,2,3,2,2,4,2,3,5,4,6,6,7,6,6,7,6,8,11,11,9,15,,+38,,,, 
291,,,Infant cereal foods,,p,0,0,1,1,1,1,1,1,1,1,2,2,2,2,2,2,2,2,2,2,2,2,1,3,2,1,2,1,1,1,1,1,1,1,1,1,1,1,1,2,1,1,1,2,2,2,2,2,2,,-12,,,, 
294,,,Cakes and pastries - frozen,,p,0,0,1,1,1,1,2,3,3,2,3,3,3,3,4,5,6,6,7,8,8,8,7,6,6,6,6,4,4,4,3,3,3,3,4,4,3,3,4,3,4,3,3,3,3,3,3,4,3,,-2,,,,ü
295,,,Pasta,,p,1,1,1,1,1,2,2,2,2,2,2,2,2,2,2,3,3,3,3,3,3,3,4,3,9,11,12,15,15,14,14,14,14,15,17,19,20,19,20,20,19,18,18,19,21,22,20,25,20,üü,-7,,,,üü
29501,,,,Canned pasta,p,1,1,1,1,1,2,2,2,2,2,2,2,2,2,2,3,3,3,3,3,3,3,4,3,3,3,3,3,3,3,3,3,3,3,3,3,3,3,3,3,2,2,2,2,3,2,2,3,2,,-18,,,,ü
29502,,,,Dried and fresh pasta,p,,,,,,,,,,,,,,,,,,,,,,,,,6,8,9,11,11,10,11,10,10,11,13,14,15,15,16,16,15,14,15,15,16,17,16,19,16,üü,-5,,,,üüü
29503,,,,Takeaway pasta and noodles,p,,,,,,,,,,,,,,,,,,,,,,,,,,,,1,1,1,1,1,1,1,1,1,1,1,1,1,1,1,1,2,2,2,2,4,2,û,-16,,,, 
296,,,Pizza,,p,0,0,0,0,0,0,0,1,1,3,3,4,5,6,8,10,14,14,17,19,19,28,27,29,31,35,34,44,41,43,43,47,46,51,49,47,54,55,61,57,57,66,68,71,71,76,77,75,61,üü,-19,yes,m,,üü
29601,,,,"Pizzas, frozen and not frozen",p,0,0,0,0,0,0,0,0,0,3,3,3,4,5,6,8,10,11,12,14,13,16,18,20,20,21,19,22,21,21,22,23,23,23,24,25,26,26,28,29,28,31,30,31,35,35,34,38,36,üü,+2,,,,üüü
29602,,,,Takeaway pizza,p,0,0,0,0,0,0,0,0,0,0,0,0,1,1,2,2,4,4,5,6,5,12,9,10,11,14,14,23,20,22,22,24,23,28,25,21,28,29,33,27,29,35,38,40,36,41,43,37,26,ü,-37,yes,m,,ü
299,,,Other cereal convenience foods,,p,2,3,4,5,6,7,9,11,12,8,9,10,12,12,13,16,17,22,24,19,20,22,24,26,24,24,28,33,35,33,31,32,34,33,35,38,42,41,43,47,50,52,51,52,56,56,60,70,63,üü,+13,yes,k,,üüü
29907,,,,"Cake, pudding and dessert mixes",p,0,1,1,1,1,1,2,2,2,2,2,2,2,2,2,2,2,2,2,2,2,2,2,2,2,1,1,3,3,2,2,2,2,2,2,2,2,2,2,2,2,2,2,2,3,3,2,3,2,,-5,,,,ü
29909,,,,Cereal snacks,p,1,1,1,1,1,1,1,1,2,1,2,2,3,3,3,4,4,6,6,5,6,7,6,7,8,7,8,11,12,10,9,9,9,9,10,12,13,13,14,16,17,17,17,16,18,18,20,23,21,üü,+17,yes,k,,üüü
29915,,,,"Quiches and flans, frozen and not frozen",p,0,0,0,0,0,0,1,1,1,1,1,1,1,1,1,2,2,2,2,2,2,2,3,3,3,3,4,5,5,5,6,5,5,5,5,5,5,5,5,6,5,6,5,5,7,6,6,7,7,ü,+19,,,,üü
29916,,,,"Takeaway crisps, savoury snacks, popcorn, popadums, prawn crackers",p,0,0,0,0,0,0,0,0,0,0,0,0,0,0,0,0,0,1,1,1,1,1,1,1,1,1,1,2,1,2,2,2,2,2,1,1,2,2,2,2,2,2,2,2,2,2,2,2,1,,-39,yes,m,,ü
29919,,,,"Other cereal foods, frozen and not frozen",p,1,2,2,3,3,4,6,7,7,3,4,5,6,6,7,8,9,12,13,10,10,11,13,13,11,12,14,14,13,14,13,14,16,15,17,18,21,19,20,21,24,25,25,27,27,28,29,34,32,üü,+14,yes,k,,üüü
301,,,Other cereals,,p,0,0,0,0,0,1,1,1,1,1,1,1,2,2,2,2,2,2,3,3,3,3,4,5,1,1,1,1,1,1,1,1,2,2,2,2,2,2,2,2,3,2,3,3,3,3,3,2,3,,-2,,,,ü
304313,,Beverages,,,p,12,13,17,27,29,30,32,31,31,37,43,47,50,48,49,50,50,53,50,49,50,51,53,51,56,49,50,44,42,41,42,41,42,43,44,48,51,51,56,54,56,59,59,59,59,62,67,74,72,üü,+17,yes,k,,üüü
304,,,Tea,,p,6,6,7,14,13,13,13,14,14,17,20,21,19,19,19,19,21,23,21,19,20,19,19,19,21,19,19,18,18,16,16,16,16,16,16,18,19,18,18,18,17,16,16,17,14,15,17,17,16,ü,+9,,,,üü
307,,,Coffee beans and ground coffee,,p,0,1,1,1,1,1,2,2,2,2,2,3,3,3,3,3,3,2,3,3,3,4,4,4,4,5,4,3,3,4,3,3,3,4,4,4,5,5,8,7,12,13,13,14,16,17,22,24,25,ü,+43,yes,k,,üü
308,,,Instant coffee,,p,4,5,6,9,11,12,13,12,12,14,17,19,22,21,21,21,19,20,18,19,21,21,22,20,24,17,19,19,17,17,18,17,18,18,20,22,21,22,24,24,22,24,24,22,25,25,22,25,24,ü,-1,,,,üü
309,,,Coffee essences,,p,0,0,0,0,0,0,0,0,0,0,0,0,0,0,0,0,0,0,0,0,0,0,0,0,0,0,0,0,0,0,0,0,0,0,0,0,0,0,0,0,0,0,0,0,0,0,0,0,1,û,"+2,041",,,,û
310,,,Tea and coffee from takeaway,,p,,,,,,,,,,,,,,,,,,,,,,,,,,,,,0,0,0,0,0,0,0,0,0,0,0,1,1,1,1,1,1,1,1,2,1,û,-5,,,, 
312,,,Cocoa and chocolate drinks,,p,1,1,1,1,2,2,2,2,2,2,2,2,3,3,4,3,4,3,3,2,2,2,3,3,4,4,4,3,2,2,2,3,3,3,3,3,3,3,4,4,3,4,4,4,2,3,5,5,5,,+59,yes,k,,ü
313,,,Malt drinks and chocolate versions of malted drinks,,p,1,1,1,1,1,2,1,1,1,1,1,2,2,2,2,3,3,5,6,6,5,5,5,5,3,4,3,2,1,2,2,2,1,1,1,1,1,1,1,1,1,1,1,1,1,1,1,1,1,û,-25,,,, 
314339,,Other food and drink,,,p,12,15,17,20,21,24,28,32,33,37,39,41,45,47,51,56,61,69,75,76,78,82,88,94,96,96,105,113,116,118,123,124,128,130,135,144,144,148,159,162,159,157,158,164,167,181,182,211,187,üüü,+3,,k,,üüü
314,,,Mineral or spring waters,,p,,,,,,,,,,0,0,1,1,1,1,3,3,4,6,5,5,6,6,7,8,8,8,8,8,9,10,10,12,10,9,9,10,10,12,12,14,14,14,15,16,18,15,13,15,ü,-16,yes,m,,üü
315,,,Baby foods,,p,1,1,1,1,1,1,1,1,1,1,2,2,2,2,2,2,3,2,2,2,2,2,2,3,3,3,3,3,3,3,2,3,3,4,3,5,4,4,5,5,5,4,5,3,4,5,4,2,3,û,-31,,,, 
318,,,Soups - canned or cartons,,p,2,3,3,3,3,4,4,5,5,5,5,5,5,6,6,6,6,7,7,7,8,7,9,9,10,9,10,10,11,11,12,12,12,12,13,14,14,15,17,16,14,14,15,13,16,14,15,16,13,ü,-10,,,,üü
319,,,Soups - dehydrated or powdered,,p,0,1,1,1,1,1,1,1,2,2,2,2,2,2,2,3,2,3,2,3,2,2,2,2,2,2,2,2,2,2,3,2,2,2,2,2,3,3,3,3,3,2,2,2,2,2,2,2,2,û,+17,,,,ü
320,,,Soups - from takeaway,,p,,,,,,,,,,,,,,,,,,,,,,,,,,,,0,0,0,0,1,1,1,0,0,1,0,0,1,0,0,1,1,1,0,0,0,0,û,-25,,,,û
321,,,Other takeaway food brought home,,p,,,,,,,,,,,,,,,,,,,,,,,,,,,,0,0,0,0,0,0,0,0,0,0,0,0,0,0,0,0,0,0,0,0,0,20,üü,"+4,400",yes,k,,üü
322,,,Meals on wheels - items not specified,,p,,,,,,,,,,,,,,,,,,,,,,,,,,,,0,1,2,1,1,1,1,1,0,1,1,1,0,0,,,,,,,,16,,,,,,
323,,,Spreads and dressings,,p,1,1,1,1,1,1,1,2,2,2,2,2,3,3,3,3,4,4,4,5,5,5,6,6,6,7,8,10,11,11,13,13,13,14,15,16,16,17,18,20,18,18,18,17,18,21,20,23,5,ü,-77,yes,m,,üü
32302,,,,Salad dressings,p,0,1,1,1,1,1,1,1,2,2,2,2,3,2,3,3,3,3,4,4,4,4,5,5,6,6,7,9,10,10,11,11,11,12,12,13,13,14,14,15,14,14,14,12,13,15,15,15,47,üü,+212,yes,k,,üüü
32303,,,,Other spreads and dresssings,p,0,0,0,0,0,0,0,0,0,0,0,0,0,0,0,0,1,1,1,1,1,1,1,1,1,1,1,1,1,1,2,2,2,2,2,3,3,3,4,5,5,5,5,5,5,7,5,8,3,ü,-50,yes,m,,ü
327,,,Pickles and sauces,,p,2,3,3,4,4,5,6,7,7,8,8,8,9,9,11,12,13,15,17,20,19,21,23,26,28,28,32,32,32,32,33,33,35,36,36,40,40,41,42,44,43,41,40,43,41,43,44,52,42,üü,-3,,,,üüü
32702,,,,Pickles,p,0,0,0,0,1,1,1,1,1,1,1,1,1,1,1,1,2,2,2,2,2,3,3,3,3,3,4,4,4,3,3,2,3,3,3,3,3,3,3,3,3,3,3,4,3,3,3,4,2,,-46,yes,m,,ü
32703,,,,Sauces,p,2,3,3,3,4,4,5,6,6,7,7,7,8,8,9,10,11,13,15,16,16,17,19,22,24,23,27,27,27,27,29,29,30,32,32,36,36,36,38,39,38,37,36,38,35,37,38,45,4,ü,-88,yes,m,,üüü
32704,,,,Takeaway sauces and mayonnnaise,p,0,0,0,0,0,0,0,0,0,0,0,0,0,0,0,0,1,1,1,1,1,1,1,1,1,1,1,1,1,1,1,1,2,1,1,2,1,1,2,2,2,2,2,2,2,2,3,2,3,,+18,,,,ü
328,,,Stock cubes and meat and yeast extracts,,p,1,1,1,2,2,2,2,3,2,3,3,3,3,3,4,3,4,4,4,4,3,3,4,4,4,4,4,4,4,4,4,4,4,4,4,5,5,5,6,6,5,6,5,5,4,4,5,5,15,ü,+234,yes,k,,üü
329,,,Jelly squares or crystals,,p,1,1,1,1,1,1,1,1,1,1,1,1,1,1,1,1,1,1,1,1,1,1,1,1,1,1,1,1,1,1,1,1,1,1,2,1,2,2,2,2,2,2,2,2,3,2,2,3,24,ü,"+1,124",yes,k,,üü
332,,,Ice cream tub or block,,p,1,1,2,2,3,3,4,4,5,5,5,5,6,6,7,8,9,10,10,9,10,10,8,6,6,8,8,9,9,10,9,9,10,9,10,10,10,11,12,12,11,11,11,11,11,14,15,21,16,ü,+7,,k,,üü
333,,,Ice cream products including takeaways,,p,1,1,1,1,2,2,2,2,3,3,3,3,3,4,4,5,5,6,6,7,7,9,11,13,12,11,13,12,12,12,12,11,12,11,12,12,12,13,13,14,15,15,15,16,17,22,20,24,5,ü,-77,yes,m,,üü
33302,,,,"Ice cream cornets, choc-ices, lollies with ice cream",p,0,1,1,1,1,1,2,2,2,2,2,2,3,3,3,4,4,5,5,5,6,7,8,10,10,8,10,8,9,8,8,8,8,7,8,9,9,8,9,9,10,10,10,11,11,14,13,17,3,,-78,yes,m,,üü
33303,,,,"Ice lollies, sorbet, frozen mousse, frozen yoghurt",p,0,0,0,0,0,0,0,1,1,1,1,1,1,1,1,1,1,1,1,1,2,2,3,3,2,3,3,3,3,3,3,3,3,3,3,3,3,4,3,4,4,4,4,4,4,6,5,5,9,,+57,yes,k,,ü
33304,,,,"Takeaway ice cream, ice cream products, milkshakes",p,,,,,,,,,,,,,,,,,,,,,,,,,,,,1,1,1,1,1,1,1,1,1,1,1,1,1,1,1,1,2,1,3,2,2,1,,-51,yes,m,, 
334,,,Salt,,p,0,0,0,0,0,0,0,0,0,0,0,0,0,0,0,0,0,1,1,1,1,2,2,4,3,4,3,3,3,3,4,3,3,4,4,5,4,4,5,4,5,5,1,1,1,1,1,2,1,,-5,,,,ü
335,,,Artificial sweeteners,,p,0,0,0,0,0,1,1,1,1,1,1,1,1,1,1,1,1,1,1,1,1,1,1,1,1,1,1,1,1,1,1,1,1,1,1,1,1,1,1,1,1,1,2,1,1,2,2,1,29,ü,"+1,596",yes,k,,üü
336,,,"Other miscellaneous payments, expenditure only",,p,0,0,0,0,0,0,0,0,0,0,0,0,0,1,1,1,1,1,1,1,2,1,1,1,1,1,1,2,2,2,2,2,2,2,1,1,2,1,2,2,2,2,21,26,26,26,26,37,2,,-93,yes,m,,üü
33602,,,,Vinegar,p,2,2,3,3,3,4,4,5,5,6,6,7,8,8,8,9,9,11,12,11,11,11,11,11,11,10,13,15,15,15,18,17,18,18,22,21,20,20,21,21,21,21,1,1,2,2,1,3,10,ü,+475,yes,k,,ü
33603,,,,Spices and dried herbs,p,,,,,,,,,,,,,,,,,,,,,,,,,,,,5,5,5,5,6,5,5,6,7,7,7,7,7,8,7,7,9,9,10,11,13,9,ü,-3,,,,üü
33604,,,,"Bisto, gravy granules, stuffing mix, baking powder, yeast",p,,,,,,,,,,,,,,,,,,,,,,,,,,,,5,5,6,5,6,5,6,6,6,6,6,7,7,6,7,7,8,9,8,8,12,1,û,-89,yes,m,,ü
33605,,,,Wine and beer making kits,p,,,,,,,,,,,,,,,,,,,,,,,,,,,,0,0,0,0,0,0,0,0,0,0,0,0,0,0,0,0,1,0,0,0,0,3,,+887,yes,k,,û
33606,,,,"Fruit teas, instant tea, herbal tea, rosehip tea",p,,,,,,,,,,,,,,,,,,,,,,,,,,,,2,2,2,2,2,2,2,2,2,2,2,2,2,3,4,4,5,4,4,4,6,4,,-5,,,,ü
33607,,,,"Other payments for food and drink, type not specified",p,2,2,3,3,3,4,4,5,5,6,6,7,8,8,8,9,9,11,12,11,11,11,11,11,11,10,13,2,2,2,5,3,3,4,6,5,3,3,3,3,2,2,1,2,2,2,2,3,1,û,-69,yes,m,, 
339,,,Soya and novel protein foods,,p,0,0,0,0,0,0,0,0,0,0,0,0,0,0,0,0,0,1,1,1,1,2,2,4,3,4,3,3,3,3,4,3,3,4,4,5,4,4,5,4,5,5,5,6,6,7,10,10,0,û,-99,yes,m,,ü
340344,,Soft drinks,,,p,,,,,,,,,,,,,,,,,,,47,49,48,54,56,57,57,61,65,72,74,83,81,77,81,79,81,85,89,93,96,100,95,93,92,92,100,112,111,124,119,üü,+6,,k,,üüü
340,,,"Soft drinks, concentrated, not low calorie",,p,,,,,,,,,,,,,,,,,,,14,12,11,10,11,11,10,11,12,10,10,11,11,10,11,10,10,11,10,8,8,8,7,7,7,6,6,6,6,7,8,ü,+20,,,,üü
341,,,"Soft drinks, not concentrated,  not low calorie",,p,,,,,,,,,,,,,,,,,,,22,23,23,27,28,28,28,31,33,41,44,50,51,47,47,47,48,52,52,51,51,52,51,46,46,41,47,50,47,48,49,üü,-1,,,,üü
343,,,"Soft drinks, concentrated, low calorie",,p,,,,,,,,,,,,,,,,,,,2,3,4,4,3,4,4,4,3,3,3,2,2,2,3,3,3,3,4,6,7,8,8,7,7,9,6,8,9,10,8,ü,+7,,,,üü
344,,,"Soft drinks, not concentrated, low calorie",,p,,,,,,,,,,,,,,,,,,,10,11,11,13,14,14,15,15,17,17,18,19,17,17,20,20,19,20,23,28,30,32,30,32,32,37,40,48,48,59,53,üü,+12,,k,,üü
350355,,Confectionery,,,p,,,,,,,,,,,,,,,,,,,56,60,60,63,70,72,71,67,84,81,77,81,84,78,80,83,87,93,96,101,102,104,110,113,114,112,122,116,132,152,133,üü,+15,yes,k,,üüü
350,,,Chocolate bars - solid,,p,,,,,,,,,,,,,,,,,,,13,14,13,15,17,16,17,15,19,18,17,18,20,20,20,21,22,23,25,26,29,31,33,32,32,34,37,35,41,52,46,üü,+31,yes,k,,üüü
351,,,Chocolate bars - filled,,p,,,,,,,,,,,,,,,,,,,27,29,30,31,34,38,37,34,46,39,36,39,40,36,37,39,40,44,45,47,43,44,47,48,50,46,52,48,56,58,51,ü,+6,,,,üü
352,,,Chewing gum,,p,,,,,,,,,,,,,,,,,,,1,1,1,1,1,1,2,2,2,3,3,3,3,3,3,4,4,3,3,3,3,3,3,4,4,4,3,4,4,3,3,ü,-9,,,,üü
353,,,Mints and boiled sweets,,p,,,,,,,,,,,,,,,,,,,13,14,13,14,14,14,14,14,15,19,19,19,18,17,17,18,19,20,21,22,24,24,25,25,25,25,27,27,28,33,29,üü,+10,,k,,üü
35301,,,,Mints,p,,,,,,,,,,,,,,,,,,,2,1,1,1,2,2,2,2,2,2,2,3,2,2,3,2,2,2,2,3,2,2,2,2,1,2,2,2,2,2,2,ü,+8,,,,ü
35302,,,,Boiled sweets,p,,,,,,,,,,,,,,,,,,,11,13,12,13,12,12,11,12,12,16,17,16,16,15,15,16,16,18,18,20,22,22,23,24,23,23,25,25,26,31,28,ü,+10,,k,,üü
354,,,"Fudges, toffees, caramels",,p,,,,,,,,,,,,,,,,,,,2,2,2,2,3,2,2,2,2,2,2,2,2,2,2,2,2,2,2,2,2,2,2,3,3,3,3,3,3,6,4,û,+45,,,,û
355,,,Takeaway confectionery,,p,,,,,,,,,,,,,,,,,,,,,,,,,,,,0,0,0,0,0,0,0,0,0,0,0,0,0,0,0,0,0,0,0,0,0,0,û,+121,,,,û
380389,,Alcoholic drinks,,,p,,,,,,,,,,,,,,,,,,,151,158,152,180,187,193,211,208,239,244,249,265,266,265,273,281,262,289,307,308,330,324,330,332,328,351,385,380,392,482,395,üü,+4,,,,üüü
381,,,Beers,,p,,,,,,,,,,,,,,,,,,,18,18,19,21,23,25,21,21,24,20,20,19,18,16,19,20,17,21,21,19,21,20,19,22,23,28,25,26,28,48,34,ü,+33,yes,k,,üü
382,,,Lagers and continental beers,,p,,,,,,,,,,,,,,,,,,,26,27,26,31,33,35,36,36,42,46,45,51,49,47,49,47,45,48,48,48,49,51,50,47,48,56,54,56,60,73,62,ü,+11,,,,üü
383,,,Ciders and perry,,p,,,,,,,,,,,,,,,,,,,7,6,7,10,11,8,9,8,8,7,6,8,7,7,8,11,11,13,14,15,15,17,16,16,15,14,17,19,16,20,16,ü,-16,,,,ü
384,,,Wine and champagne,,p,,,,,,,,,,,,,,,,,,,49,56,55,65,67,75,97,90,103,107,110,118,131,134,133,139,130,143,153,156,164,161,160,165,161,169,190,190,184,232,181,ü,-5,,,,üü
38402,,,,"Champagne, sparkling wines and wine with mixer",p,,,,,,,,,,,,,,,,,,,1,1,1,1,2,2,1,1,1,7,7,8,10,8,12,11,7,8,16,10,13,16,18,19,20,19,24,30,22,28,27,,-10,,,,ü
38403,,,,Table wine,p,,,,,,,,,,,,,,,,,,,49,55,54,64,66,74,96,89,102,100,103,110,121,126,121,128,123,135,137,145,150,145,141,145,141,150,166,160,162,204,154,ü,-4,,,,üü
385,,,Spirits with mixer,,p,,,,,,,,,,,,,,,,,,,0,0,0,0,1,1,0,0,1,0,0,0,0,0,0,0,0,0,1,1,1,1,1,1,1,1,1,2,3,3,3,,+43,,,,ü
386,,,Fortified wines,,p,,,,,,,,,,,,,,,,,,,11,9,10,9,10,10,8,9,10,9,10,8,8,8,7,7,7,6,6,7,7,7,7,6,7,6,7,5,6,7,5,,-5,,,,ü
387,,,Spirits,,p,,,,,,,,,,,,,,,,,,,37,39,33,40,40,36,36,40,45,46,45,47,44,42,46,47,43,48,54,51,61,58,65,60,60,67,76,72,83,85,81,ü,+13,,,,üü
388,,,Liqueurs and cocktails,,p,,,,,,,,,,,,,,,,,,,3,2,3,2,2,3,3,3,4,5,6,6,5,6,7,6,7,7,9,7,9,8,10,12,12,9,13,10,10,13,11,,+13,,,,ü
389,,,Alcopops,,p,,,,,,,,,,,,,,,,,,,0,0,0,0,0,1,0,1,3,6,6,6,4,4,4,2,3,2,3,3,3,2,2,2,2,1,1,1,1,1,1,û,+113,,k,, 
"(a) Adjusted National Food Survey Figures 1974 to 2000, Expenditure and Food Survey figures 2001-02 onwards.",,,,,,,,,,,,,,,,,,,,,,,,,,,,,,,,,,,,,,,,,,,,,,,,,,,,,,,,,,,,
"(b) Relative Standard Error: 3 ticks: < 2.5%, 2 ticks: 2.5% - 5%, 1 tick: 5% - 10%, no ticks: 10% - 20%, cross: >20%, - not available",,,,,,,,,,,,,,,,,,,,,,,,,,,,,,,,,,,,,,,,,,,,,,,,,,,,,,,,,,,,
"(c) ""yes"" if the change is greater than twice its standard error.  There is approximately a one in twenty chance of reporting a ""yes"" when the change is due only to sampling error.",,,,,,,,,,,,,,,,,,,,,,,,,,,,,,,,,,,,,,,,,,,,,,,,,,,,,,,,,,,,
"(d) Ticked if the estimate of linear trend is statistically significant, see methodological notes",,,,,,,,,,,,,,,,,,,,,,,,,,,,,,,,,,,,,,,,,,,,,,,,,,,,,,,,,,,,
© Crown copyright 2020,,,,,,,,,,,,,,,,,,,,,,,,,,,,,,,,,,,,,,,,,,,,,,,,,,,,,,,,,,,,